yearID,teamID,lgID,playerID,salary
2014,ARI,NL,arroybr01,9500000
2014,ARI,NL,cahiltr01,7700000
2014,ARI,NL,campato01,509500
2014,ARI,NL,chaveer01,3500000
2014,ARI,NL,collmjo01,925000
2014,ARI,NL,delgara01,510000
2014,ARI,NL,goldspa01,1100000
2014,ARI,NL,gosewtu01,502000
2014,ARI,NL,gregodi01,506500
2014,ARI,NL,harriwi02,510000
2014,ARI,NL,hillaa01,11000000
2014,ARI,NL,mileywa01,523500
2014,ARI,NL,montemi01,10000000
2014,ARI,NL,nunovi01,504500
2014,ARI,NL,owingch01,500000
2014,ARI,NL,parrage01,4850000
2014,ARI,NL,pennicl01,3250000
2014,ARI,NL,perezol01,1750000
2014,ARI,NL,polloaj01,507000
2014,ARI,NL,pradoma01,11000000
2014,ARI,NL,putzjj01,7000000
2014,ARI,NL,reedad01,538500
2014,ARI,NL,rossco01,9500000
2014,ARI,NL,thatcjo01,2375000
2014,ARI,NL,trumbma01,4800000
2014,ARI,NL,zieglbr01,4500000
2014,ATL,NL,avilalu01,517500
2014,ATL,NL,carpeda01,532500
2014,ATL,NL,doumiry01,3500000
2014,ATL,NL,floydga01,4000000
2014,ATL,NL,freemfr01,5125000
2014,ATL,NL,gattiev01,520250
2014,ATL,NL,haleda02,502500
2014,ATL,NL,haranaa01,1000000
2014,ATL,NL,heywaja01,4500000
2014,ATL,NL,johnsch05,4750000
2014,ATL,NL,kimbrcr01,7000000
2014,ATL,NL,lairdge01,1500000
2014,ATL,NL,minormi01,3850000
2014,ATL,NL,pastoty01,500000
2014,ATL,NL,penara02,700000
2014,ATL,NL,santaer01,14100000
2014,ATL,NL,simmoan01,1000000
2014,ATL,NL,teherju01,800000
2014,ATL,NL,ugglada01,13000000
2014,ATL,NL,uptonbj01,13450000
2014,ATL,NL,uptonju01,14250000
2014,ATL,NL,varvaan01,515000
2014,ATL,NL,waldejo01,1490000
2014,ATL,NL,woodal02,506250
2014,BAL,AL,brachbr01,509500
2014,BAL,AL,brittza01,521500
2014,BAL,AL,chenwe02,4072000
2014,BAL,AL,clevest01,505000
2014,BAL,AL,cruzne02,8000000
2014,BAL,AL,davisch02,10350000
2014,BAL,AL,flahery01,512500
2014,BAL,AL,gausmke01,502500
2014,BAL,AL,gonzami03,529000
2014,BAL,AL,hardyjj01,7000000
2014,BAL,AL,hundlni01,4000000
2014,BAL,AL,hunteto02,3000000
2014,BAL,AL,jimenub01,11250000
2014,BAL,AL,jonesad01,13000000
2014,BAL,AL,lombast02,517500
2014,BAL,AL,loughda01,510500
2014,BAL,AL,machama01,519000
2014,BAL,AL,markani01,15000000
2014,BAL,AL,matusbr01,2400000
2014,BAL,AL,mcfartj01,505500
2014,BAL,AL,norribu01,5300000
2014,BAL,AL,odayda01,3200000
2014,BAL,AL,pearcst01,700000
2014,BAL,AL,schoojo01,500500
2014,BAL,AL,tillmch01,546000
2014,BAL,AL,webbry01,1750000
2014,BAL,AL,weeksje01,515000
2014,BAL,AL,wietema01,7700000
2014,BOS,AL,badenbu01,2150000
2014,BOS,AL,bogaexa01,517000
2014,BOS,AL,bradlja02,502000
2014,BOS,AL,breslcr01,3825000
2014,BOS,AL,brittdr01,503000
2014,BOS,AL,buchhcl01,7700000
2014,BOS,AL,capuach01,2250000
2014,BOS,AL,carpmi01,1400000
2014,BOS,AL,castiru01,871429
2014,BOS,AL,craigal01,2750000
2014,BOS,AL,drewst01,10100000
2014,BOS,AL,gomesjo01,5000000
2014,BOS,AL,herrejo03,1300000
2014,BOS,AL,johnske05,3000000
2014,BOS,AL,lavarry01,510000
2014,BOS,AL,lestejo01,13000000
2014,BOS,AL,middlwi01,540000
2014,BOS,AL,millean01,1900000
2014,BOS,AL,mujiced01,4750000
2014,BOS,AL,napolmi01,16000000
2014,BOS,AL,navada01,556500
2014,BOS,AL,ortizda01,15000000
2014,BOS,AL,pedrodu01,12500000
2014,BOS,AL,pierzaj01,8250000
2014,BOS,AL,rossda01,3100000
2014,BOS,AL,sizemgr01,750000
2014,BOS,AL,tazawju01,1275000
2014,BOS,AL,ueharko01,5000000
2014,BOS,AL,victosh01,13000000
2014,BOS,AL,workmbr01,518000
2014,BOS,AL,wrighst01,502000
2014,CHA,AL,abreujo02,7000000
2014,CHA,AL,beckhgo01,4175000
2014,CHA,AL,belisro01,3000000
2014,CHA,AL,cletoma01,501000
2014,CHA,AL,danksjo01,14250000
2014,CHA,AL,deazaal01,4250000
2014,CHA,AL,downssc01,3750000
2014,CHA,AL,dunnad01,15000000
2014,CHA,AL,eatonad02,511000
2014,CHA,AL,flowety01,950000
2014,CHA,AL,garciav01,510000
2014,CHA,AL,garcile02,505500
2014,CHA,AL,gillaco01,512000
2014,CHA,AL,johnser04,500000
2014,CHA,AL,konerpa01,2500000
2014,CHA,AL,lindsma01,4000000
2014,CHA,AL,paulife01,1750000
2014,CHA,AL,quintjo01,850000
2014,CHA,AL,ramiral03,9500000
2014,CHA,AL,salech01,3500000
2014,CHA,AL,semiema01,500000
2014,CHA,AL,vealdo01,516000
2014,CHA,AL,vicieda01,2800000
2014,CHA,AL,webbda01,500000
2014,CHN,NL,arrieja01,500000
2014,CHN,NL,bakerjo01,875000
2014,CHN,NL,barneda01,2300000
2014,CHN,NL,bonifem01,2500000
2014,CHN,NL,castiwe01,530000
2014,CHN,NL,castrst01,5000000
2014,CHN,NL,fujikky01,4500000
2014,CHN,NL,grimmju01,505500
2014,CHN,NL,hammeja01,6000000
2014,CHN,NL,jacksed01,11000000
2014,CHN,NL,kalisry01,550000
2014,CHN,NL,lakeju01,502500
2014,CHN,NL,oltmi01,502000
2014,CHN,NL,rizzoan01,1250000
2014,CHN,NL,rondohe01,514000
2014,CHN,NL,ruggiju01,2000000
2014,CHN,NL,rusinch01,503500
2014,CHN,NL,russeja02,1775000
2014,CHN,NL,schiena01,5000000
2014,CHN,NL,straida01,505000
2014,CHN,NL,stroppe01,1325000
2014,CHN,NL,sweenry01,1500000
2014,CHN,NL,valbulu01,1710000
2014,CHN,NL,verasjo01,3850000
2014,CHN,NL,villaca01,5000000
2014,CHN,NL,woodtr01,3900000
2014,CHN,NL,wrighwe01,1425000
2014,CIN,NL,baileho02,9000000
2014,CIN,NL,broxtjo01,7000000
2014,CIN,NL,bruceja01,10000000
2014,CIN,NL,chapmar01,5000000
2014,CIN,NL,chrisni01,500000
2014,CIN,NL,cingrto01,512500
2014,CIN,NL,cozarza01,600000
2014,CIN,NL,cuetojo01,10000000
2014,CIN,NL,frazito01,600000
2014,CIN,NL,hamilbi02,500000
2014,CIN,NL,hannaja01,1000000
2014,CIN,NL,heisech01,1760000
2014,CIN,NL,hoovejj01,520000
2014,CIN,NL,latosma01,7250000
2014,CIN,NL,leakemi01,5925000
2014,CIN,NL,lecursa01,1200000
2014,CIN,NL,ludwiry01,8500000
2014,CIN,NL,marshse01,5500000
2014,CIN,NL,mesorde01,525000
2014,CIN,NL,ondrulo01,1350000
2014,CIN,NL,parrama01,2000000
2014,CIN,NL,penabr01,875000
2014,CIN,NL,phillbr01,11000000
2014,CIN,NL,santira01,1100000
2014,CIN,NL,schumsk01,2000000
2014,CIN,NL,simonal01,1500000
2014,CIN,NL,sotone01,500000
2014,CIN,NL,vottojo01,12000000
2014,CLE,AL,allenco01,515400
2014,CLE,AL,atchisc01,800000
2014,CLE,AL,avilemi01,3500000
2014,CLE,AL,axforjo01,4500000
2014,CLE,AL,bauertr01,1183333
2014,CLE,AL,bournmi01,13500000
2014,CLE,AL,brantmi02,1500000
2014,CLE,AL,cabreas01,10000000
2014,CLE,AL,carraca01,504700
2014,CLE,AL,chiselo01,510800
2014,CLE,AL,gomesya01,550000
2014,CLE,AL,johnsel02,930000
2014,CLE,AL,kipnija01,2166666
2014,CLE,AL,klubeco01,514000
2014,CLE,AL,masteju01,9762500
2014,CLE,AL,mcallza01,504500
2014,CLE,AL,murphda07,5500000
2014,CLE,AL,outmajo01,1250000
2014,CLE,AL,raburry01,2250000
2014,CLE,AL,rzepcma01,1375000
2014,CLE,AL,salazda01,501500
2014,CLE,AL,santaca01,3500000
2014,CLE,AL,selleju01,504000
2014,CLE,AL,shawbr01,529500
2014,CLE,AL,swishni01,15000000
2014,CLE,AL,tomlijo01,800000
2014,COL,NL,anderbr04,8000000
2014,COL,NL,arenano01,500000
2014,COL,NL,barnebr02,501000
2014,COL,NL,belisma01,4250000
2014,COL,NL,bettich01,500000
2014,COL,NL,blackch02,501000
2014,COL,NL,brothre01,502000
2014,COL,NL,chacijh01,4850000
2014,COL,NL,chatwty01,502000
2014,COL,NL,cuddymi01,10500000
2014,COL,NL,culbech01,500000
2014,COL,NL,dickeco01,500000
2014,COL,NL,gonzaca01,10500000
2014,COL,NL,hawkila01,2250000
2014,COL,NL,lemahdj01,501000
2014,COL,NL,loganbo02,4750000
2014,COL,NL,lopezwi01,2200000
2014,COL,NL,lylesjo01,502000
2014,COL,NL,mckenmi01,750000
2014,COL,NL,moralfr01,1712500
2014,COL,NL,morneju01,5000000
2014,COL,NL,nicasju01,2025000
2014,COL,NL,ottavad01,502000
2014,COL,NL,pachejo01,502000
2014,COL,NL,delarjo01,11000000
2014,COL,NL,rosarwi01,502000
2014,COL,NL,rutlejo01,501000
2014,COL,NL,stubbdr01,4100000
2014,COL,NL,tulowtr01,16000000
2014,COL,NL,wheelry01,500000
2014,DET,AL,albural01,837500
2014,DET,AL,avilaal01,4150000
2014,DET,AL,cabremi01,22000000
2014,DET,AL,casteni01,500000
2014,DET,AL,chambjo03,2500000
2014,DET,AL,cokeph01,1900000
2014,DET,AL,davisra01,5000000
2014,DET,AL,gonzaal02,1100000
2014,DET,AL,holadbr01,502000
2014,DET,AL,hunteto01,14000000
2014,DET,AL,kellydo01,1000000
2014,DET,AL,kinslia01,16000000
2014,DET,AL,krolia01,504000
2014,DET,AL,martivi01,12000000
2014,DET,AL,nathajo01,9000000
2014,DET,AL,porceri01,8500000
2014,DET,AL,putkolu01,510000
2014,DET,AL,reedev01,503000
2014,DET,AL,rominan01,504000
2014,DET,AL,sanchan01,15800000
2014,DET,AL,scherma01,15525000
2014,DET,AL,smylydr01,520000
2014,DET,AL,verlaju01,20000000
2014,HOU,AL,altuvjo01,1250000
2014,HOU,AL,cartech02,510000
2014,HOU,AL,castrja01,2450000
2014,HOU,AL,chapmke02,503400
2014,HOU,AL,corpoca01,505300
2014,HOU,AL,cosarja01,500000
2014,HOU,AL,dominma01,510100
2014,HOU,AL,feldmsc01,12000000
2014,HOU,AL,fieldjo03,506500
2014,HOU,AL,fowlede01,7350000
2014,HOU,AL,gonzama01,504500
2014,HOU,AL,grossro01,504500
2014,HOU,AL,guzmaje01,1300000
2014,HOU,AL,hoeslj01,502900
2014,HOU,AL,keuchda01,508700
2014,HOU,AL,krausma01,502300
2014,HOU,AL,peacobr01,504300
2014,HOU,AL,quallch01,2700000
2014,HOU,AL,singljo02,1500000
2014,HOU,AL,villajo01,503800
2014,KCA,AL,aokino01,1950000
2014,KCA,AL,buenofr01,504500
2014,KCA,AL,butlebi03,8000000
2014,KCA,AL,cainlo01,546000
2014,KCA,AL,ciriape01,513500
2014,KCA,AL,colemlo01,537000
2014,KCA,AL,colliti01,1362500
2014,KCA,AL,crowaa01,1475000
2014,KCA,AL,daviswa01,4800000
2014,KCA,AL,dysonja01,530000
2014,KCA,AL,escobal02,3000000
2014,KCA,AL,giavojo01,508575
2014,KCA,AL,gordoal01,10000000
2014,KCA,AL,guthrje01,8000000
2014,KCA,AL,hayesbr01,630000
2014,KCA,AL,herreke01,522500
2014,KCA,AL,hollagr01,4675000
2014,KCA,AL,hosmeer01,3600000
2014,KCA,AL,infanom01,5000000
2014,KCA,AL,maxweju01,1325000
2014,KCA,AL,moustmi01,549000
2014,KCA,AL,perezsa02,1500000
2014,KCA,AL,shielja02,13500000
2014,KCA,AL,valenda01,1065000
2014,KCA,AL,ventuyo01,500500
2014,ANA,AL,aybarer01,8500000
2014,ANA,AL,calhoko01,506000
2014,ANA,AL,congeha01,517500
2014,ANA,AL,cowgico01,506000
2014,ANA,AL,delarda01,515000
2014,ANA,AL,freesda01,5050000
2014,ANA,AL,frierer01,3800000
2014,ANA,AL,greengr01,502250
2014,ANA,AL,hamiljo03,17000000
2014,ANA,AL,iannech01,4975000
2014,ANA,AL,ibanera01,2750000
2014,ANA,AL,jepseke01,1462500
2014,ANA,AL,kendrho01,9350000
2014,ANA,AL,kohnmi01,515000
2014,ANA,AL,mcdonjo03,850000
2014,ANA,AL,pujolal01,23000000
2014,ANA,AL,rasmuco02,501250
2014,ANA,AL,richaga01,520000
2014,ANA,AL,salasfe01,870000
2014,ANA,AL,santihe01,530000
2014,ANA,AL,shoemma01,500500
2014,ANA,AL,shuckja01,515000
2014,ANA,AL,skaggty01,502250
2014,ANA,AL,smithjo05,5250000
2014,ANA,AL,troutmi01,1000000
2014,ANA,AL,weaveje02,16000000
2014,ANA,AL,wilsocj01,16000000
2014,LAN,NL,arrueer01,3000000
2014,LAN,NL,baxtemi01,700000
2014,LAN,NL,beckejo02,15750000
2014,LAN,NL,buterdr01,700000
2014,LAN,NL,correke01,5500000
2014,LAN,NL,crawfca02,20250000
2014,LAN,NL,dominjo01,501000
2014,LAN,NL,elbersc01,575000
2014,LAN,NL,ellisaj01,3550000
2014,LAN,NL,ethiean01,15500000
2014,LAN,NL,gonzaad01,21000000
2014,LAN,NL,gordode01,515000
2014,LAN,NL,greinza01,26000000
2014,LAN,NL,guerral01,4000000
2014,LAN,NL,harenda01,10000000
2014,LAN,NL,howeljp01,4000000
2014,LAN,NL,janseke01,4300000
2014,LAN,NL,kempma01,21000000
2014,LAN,NL,kershcl01,4000000
2014,LAN,NL,leagubr01,7500000
2014,LAN,NL,maholpa01,1500000
2014,LAN,NL,perezch01,2300000
2014,LAN,NL,puigya01,3714000
2014,LAN,NL,ramirha01,16000000
2014,LAN,NL,rodrist02,512500
2014,LAN,NL,ryuhy01,4333000
2014,LAN,NL,turneju01,1000000
2014,LAN,NL,uribeju01,6500000
2014,LAN,NL,vanslsc01,507500
2014,LAN,NL,wilsobr01,10000000
2014,LAN,NL,withrch01,506600
2014,LAN,NL,wrighja01,1800000
2014,MIA,NL,alvarhe01,525400
2014,MIA,NL,bakerje03,1600000
2014,MIA,NL,cishest01,3800000
2014,MIA,NL,dietrde01,501500
2014,MIA,NL,dobbsgr01,1700000
2014,MIA,NL,dunnmi01,1400000
2014,MIA,NL,eovalna01,517000
2014,MIA,NL,fernajo02,635000
2014,MIA,NL,furcara01,3500000
2014,MIA,NL,handbr01,500000
2014,MIA,NL,hechaad01,2200000
2014,MIA,NL,jennida01,501500
2014,MIA,NL,johnsre02,1000000
2014,MIA,NL,jonesga02,2750000
2014,MIA,NL,koehlto01,515000
2014,MIA,NL,lucased01,510000
2014,MIA,NL,marisja01,500000
2014,MIA,NL,marmoca01,1250000
2014,MIA,NL,mathije01,1500000
2014,MIA,NL,mcgehca01,1100000
2014,MIA,NL,ozunama01,505000
2014,MIA,NL,ramosaj01,510000
2014,MIA,NL,saltaja01,6000000
2014,MIA,NL,sloweke01,800000
2014,MIA,NL,solando01,511500
2014,MIA,NL,stantmi03,6500000
2014,MIA,NL,yelicch01,505000
2014,MIL,NL,biancje01,502000
2014,MIL,NL,braunry02,10000000
2014,MIL,NL,daviskh01,503000
2014,MIL,NL,dukeza01,850000
2014,MIL,NL,estrama01,3325000
2014,MIL,NL,gallayo01,11250000
2014,MIL,NL,garzama01,12500000
2014,MIL,NL,gennesc01,504000
2014,MIL,NL,gomezca01,7000000
2014,MIL,NL,gorzeto01,2950000
2014,MIL,NL,hendeji01,512000
2014,MIL,NL,herreel01,500000
2014,MIL,NL,kintzbr01,507000
2014,MIL,NL,lohseky01,11000000
2014,MIL,NL,lucrojo01,2000000
2014,MIL,NL,maldoma01,502000
2014,MIL,NL,overbly01,1500000
2014,MIL,NL,peralwi01,515000
2014,MIL,NL,ramirar01,16000000
2014,MIL,NL,reynoma01,2000000
2014,MIL,NL,rodrifr03,3250000
2014,MIL,NL,schaflo01,505000
2014,MIL,NL,segurje01,534000
2014,MIL,NL,smithwi04,502000
2014,MIL,NL,thornty01,505000
2014,MIL,NL,weeksri01,11000000
2014,MIL,NL,wootero01,501000
2014,MIN,AL,arciaos01,512500
2014,MIN,AL,bartlja01,1000000
2014,MIN,AL,burtoja01,3250000
2014,MIN,AL,colabch01,505000
2014,MIN,AL,dedunsa01,520000
2014,MIN,AL,doziebr01,540000
2014,MIN,AL,duensbr01,2000000
2014,MIN,AL,escobed01,507500
2014,MIN,AL,fienca01,530000
2014,MIN,AL,floripe01,517500
2014,MIN,AL,fuldsa01,800000
2014,MIN,AL,gibsoky01,502500
2014,MIN,AL,herrmch01,500000
2014,MIN,AL,hicksaa01,507500
2014,MIN,AL,hugheph01,8000000
2014,MIN,AL,kubelja01,2000000
2014,MIN,AL,mauerjo01,23000000
2014,MIN,AL,moralke01,7410000
2014,MIN,AL,nolasri01,12000000
2014,MIN,AL,perkigl01,4025000
2014,MIN,AL,pintojo01,500000
2014,MIN,AL,plouftr01,2350000
2014,MIN,AL,schafjo02,1090000
2014,MIN,AL,suzukku01,2750000
2014,MIN,AL,swarzan01,935000
2014,MIN,AL,thielca01,510000
2014,MIN,AL,willijo03,7000000
2014,NYA,AL,almonzo01,511300
2014,NYA,AL,beltrca01,15000000
2014,NYA,AL,betande01,502100
2014,NYA,AL,cervefr01,700000
2014,NYA,AL,claibpr01,511325
2014,NYA,AL,ellsbja01,21142857
2014,NYA,AL,gardnbr01,5600000
2014,NYA,AL,jeterde01,12000000
2014,NYA,AL,kellesh01,1765000
2014,NYA,AL,kurodhi01,16000000
2014,NYA,AL,mccanbr01,17000000
2014,NYA,AL,murphjr01,502700
2014,NYA,AL,phelpda01,541425
2014,NYA,AL,roberbr01,2000000
2014,NYA,AL,roberda08,5215000
2014,NYA,AL,rominau01,524800
2014,NYA,AL,ryanbr01,2000000
2014,NYA,AL,sabatcc01,23000000
2014,NYA,AL,soriaal01,18000000
2014,NYA,AL,suzukic01,6500000
2014,NYA,AL,tanakma01,22000000
2014,NYA,AL,teixema01,22500000
2014,NYA,AL,thornma01,3500000
2014,NYA,AL,warread01,527400
2014,NYN,NL,blackvi01,502250
2014,NYN,NL,brownan02,538045
2014,NYN,NL,colonba01,9000000
2014,NYN,NL,darnatr01,501560
2014,NYN,NL,dudalu01,1637500
2014,NYN,NL,familje01,502550
2014,NYN,NL,geedi01,3625000
2014,NYN,NL,germego01,504875
2014,NYN,NL,grandcu01,13000000
2014,NYN,NL,lagarju01,506636
2014,NYN,NL,lannajo01,1500000
2014,NYN,NL,matsuda01,1500000
2014,NYN,NL,mejiaje01,509675
2014,NYN,NL,murphda08,5700000
2014,NYN,NL,niesejo01,5000000
2014,NYN,NL,parnebo01,3700000
2014,NYN,NL,reckean01,505340
2014,NYN,NL,ricesc01,542500
2014,NYN,NL,satinjo01,506809
2014,NYN,NL,tejadru01,1100000
2014,NYN,NL,torreca01,561875
2014,NYN,NL,valvejo01,1000000
2014,NYN,NL,wheelza01,512375
2014,NYN,NL,younger03,1850000
2014,NYN,NL,davisik02,3500000
2014,NYN,NL,wrighda03,20000000
2014,NYN,NL,youngch04,7250000
2014,OAK,AL,abadfe01,525900
2014,OAK,AL,bartoda02,1250000
2014,OAK,AL,callaal01,4875000
2014,OAK,AL,cespeyo01,10500000
2014,OAK,AL,chaveje01,775000
2014,OAK,AL,cookry01,505000
2014,OAK,AL,crispco01,7500000
2014,OAK,AL,donaljo02,500000
2014,OAK,AL,doolise01,630000
2014,OAK,AL,gentrcr01,1145000
2014,OAK,AL,grayso01,502500
2014,OAK,AL,gregelu01,5065000
2014,OAK,AL,jasojo01,2300000
2014,OAK,AL,johnsji04,10000000
2014,OAK,AL,kazmisc01,7000000
2014,OAK,AL,lowrije01,5250000
2014,OAK,AL,milonto01,510000
2014,OAK,AL,mossbr01,4100000
2014,OAK,AL,norride01,505000
2014,OAK,AL,oflaher01,1500000
2014,OAK,AL,oteroda01,502500
2014,OAK,AL,puntoni01,2750000
2014,OAK,AL,reddijo01,2700000
2014,OAK,AL,scribev01,505000
2014,OAK,AL,sogarer01,510000
2014,OAK,AL,vogtst01,502500
2014,PHI,NL,adamsmi03,7000000
2014,PHI,NL,ascheco01,500000
2014,PHI,NL,aumonph01,500000
2014,PHI,NL,bastaan01,2000000
2014,PHI,NL,browndo01,550000
2014,PHI,NL,burneaj01,15000000
2014,PHI,NL,byrdma01,8000000
2014,PHI,NL,carmofa01,4500000
2014,PHI,NL,defraju01,513000
2014,PHI,NL,diekmja01,515500
2014,PHI,NL,galvifr01,500000
2014,PHI,NL,gonzami05,3666667
2014,PHI,NL,gwynnto02,900000
2014,PHI,NL,hamelco01,22500000
2014,PHI,NL,hernace02,500000
2014,PHI,NL,howarry01,25000000
2014,PHI,NL,kendrky01,7675000
2014,PHI,NL,leecl02,25000000
2014,PHI,NL,lincobr01,512300
2014,PHI,NL,martiet01,500000
2014,PHI,NL,maybejo02,1587500
2014,PHI,NL,nievewi01,1125000
2014,PHI,NL,nixja01,950000
2014,PHI,NL,papeljo01,13000000
2014,PHI,NL,pettijo02,500000
2014,PHI,NL,reverbe01,1950000
2014,PHI,NL,rolliji01,11000000
2014,PHI,NL,rosenbj01,500000
2014,PHI,NL,rufda01,500000
2014,PHI,NL,ruizca01,8500000
2014,PHI,NL,ruppca01,500000
2014,PHI,NL,utleych01,15000000
2014,PIT,NL,alvarpe01,4250000
2014,PIT,NL,barmecl01,2000000
2014,PIT,NL,colege01,512500
2014,PIT,NL,cumptbr01,507000
2014,PIT,NL,gomezje01,514500
2014,PIT,NL,grillja01,4250000
2014,PIT,NL,harrijo05,513000
2014,PIT,NL,liriafr01,6000000
2014,PIT,NL,lockeje01,513000
2014,PIT,NL,martest01,500000
2014,PIT,NL,martiru01,8500000
2014,PIT,NL,mazzavi01,950000
2014,PIT,NL,mccutan01,7250000
2014,PIT,NL,melanma01,2595000
2014,PIT,NL,mercejo03,515500
2014,PIT,NL,morribr01,511500
2014,PIT,NL,mortoch02,4000000
2014,PIT,NL,pimenst01,505500
2014,PIT,NL,rodriwa01,13000000
2014,PIT,NL,sanchga01,2300000
2014,PIT,NL,sanchto01,507000
2014,PIT,NL,snidetr01,1200000
2014,PIT,NL,stewach01,1000000
2014,PIT,NL,tabatjo01,3000000
2014,PIT,NL,volqued01,5000000
2014,PIT,NL,walkene01,5750000
2014,PIT,NL,watsoto01,518500
2014,PIT,NL,wilsoju10,515000
2014,SDN,NL,alonsyo01,980000
2014,SDN,NL,amarial01,511100
2014,SDN,NL,benoijo01,6000000
2014,SDN,NL,blankky01,988000
2014,SDN,NL,cabreev01,2450000
2014,SDN,NL,cashnan01,2400000
2014,SDN,NL,denorch01,2250000
2014,SDN,NL,erlinro01,504500
2014,SDN,NL,grandya01,792000
2014,SDN,NL,gyorkje01,510900
2014,SDN,NL,headlch01,10525000
2014,SDN,NL,kenneia01,6100000
2014,SDN,NL,maybica01,5000000
2014,SDN,NL,medicto01,501200
2014,SDN,NL,nadyxa01,775000
2014,SDN,NL,pattotr01,1275000
2014,SDN,NL,quentca01,9500000
2014,SDN,NL,riverre01,506400
2014,SDN,NL,rossty01,1980000
2014,SDN,NL,smithse01,4500000
2014,SDN,NL,staufti01,1600000
2014,SDN,NL,streehu01,7000000
2014,SDN,NL,stulter01,2750000
2014,SDN,NL,thayeda01,515800
2014,SDN,NL,torreal01,509000
2014,SDN,NL,venabwi01,4250000
2014,SDN,NL,vinceni01,510200
2014,SDN,NL,wielajo01,501600
2014,SEA,AL,ackledu01,1700000
2014,SEA,AL,beimejo01,850000
2014,SEA,AL,bloomwi01,2800000
2014,SEA,AL,buckjo01,1000000
2014,SEA,AL,canoro01,24000000
2014,SEA,AL,farquda01,510800
2014,SEA,AL,frankni01,510200
2014,SEA,AL,furbuch01,750000
2014,SEA,AL,hartco01,6000000
2014,SEA,AL,hernafe02,22857000
2014,SEA,AL,iwakuhi01,6500000
2014,SEA,AL,jacksau01,6000000
2014,SEA,AL,maurebr01,504600
2014,SEA,AL,medinyo01,512600
2014,SEA,AL,millebr02,510100
2014,SEA,AL,morrilo01,1750000
2014,SEA,AL,paxtoja01,503500
2014,SEA,AL,ramirer02,511800
2014,SEA,AL,rodnefe01,7000000
2014,SEA,AL,saundmi01,2300000
2014,SEA,AL,seageky01,540100
2014,SEA,AL,smoakju01,2637500
2014,SEA,AL,wilheto01,528800
2014,SEA,AL,youngch03,1250000
2014,SEA,AL,zuninmi01,504100
2014,SFN,NL,abreuto01,745000
2014,SFN,NL,adriaeh01,500500
2014,SFN,NL,affelje01,6000000
2014,SFN,NL,ariasjo01,1150000
2014,SFN,NL,beltbr01,2900000
2014,SFN,NL,blancgr01,2525000
2014,SFN,NL,bumgama01,3750000
2014,SFN,NL,colvity01,1000000
2014,SFN,NL,crawfbr01,560000
2014,SFN,NL,garcija01,4500000
2014,SFN,NL,gutieju01,850000
2014,SFN,NL,hudsoti01,11000000
2014,SFN,NL,linceti01,17000000
2014,SFN,NL,lopezja02,4000000
2014,SFN,NL,machije01,505000
2014,SFN,NL,morsemi01,6000000
2014,SFN,NL,paganan01,10250000
2014,SFN,NL,peavyja01,14500000
2014,SFN,NL,pencehu01,16000000
2014,SFN,NL,perezju02,501000
2014,SFN,NL,petityu01,845000
2014,SFN,NL,poseybu01,12500000
2014,SFN,NL,romose01,5500000
2014,SFN,NL,sanchhe01,512000
2014,SFN,NL,sandopa01,8250000
2014,SFN,NL,scutama01,6666667
2014,SFN,NL,vogelry01,5000000
2014,SFN,NL,cainma01,20000000
2014,SLN,NL,adamsma01,516000
2014,SLN,NL,bourjpe01,1200000
2014,SLN,NL,butleke01,500000
2014,SLN,NL,carpema01,1000000
2014,SLN,NL,choatra01,3000000
2014,SLN,NL,cruzto03,521000
2014,SLN,NL,descada01,1290000
2014,SLN,NL,ellisma01,5250000
2014,SLN,NL,garcija02,7750000
2014,SLN,NL,hollima01,17000000
2014,SLN,NL,jayjo02,3250000
2014,SLN,NL,kellyjo05,523000
2014,SLN,NL,kozmape01,518000
2014,SLN,NL,lackejo01,15250000
2014,SLN,NL,lynnla01,535000
2014,SLN,NL,manesse01,509000
2014,SLN,NL,martica04,505000
2014,SLN,NL,millesh01,521000
2014,SLN,NL,molinya01,15000000
2014,SLN,NL,motteja01,7500000
2014,SLN,NL,neshepa01,1000000
2014,SLN,NL,peraljh01,15500000
2014,SLN,NL,robinsh01,519000
2014,SLN,NL,rosentr01,521000
2014,SLN,NL,siegrke01,505000
2014,SLN,NL,wachami01,510000
2014,SLN,NL,wainwad01,19500000
2014,SLN,NL,wongko01,500000
2014,TBA,AL,archech01,500000
2014,TBA,AL,balfogr01,4000000
2014,TBA,AL,bellhe01,9000000
2014,TBA,AL,cobbal01,516900
2014,TBA,AL,dejesda01,4250000
2014,TBA,AL,escobyu01,5000000
2014,TBA,AL,forsylo01,509700
2014,TBA,AL,gomesbr01,507800
2014,TBA,AL,guyerbr01,501200
2014,TBA,AL,hanigry01,2750000
2014,TBA,AL,jennide01,517000
2014,TBA,AL,joycema01,3700000
2014,TBA,AL,loneyja01,1000000
2014,TBA,AL,longoev01,7500000
2014,TBA,AL,luekejo01,504200
2014,TBA,AL,mcgeeja01,1450000
2014,TBA,AL,molinjo01,1750000
2014,TBA,AL,myerswi01,504200
2014,TBA,AL,nunezle01,1500000
2014,TBA,AL,odorija01,503100
2014,TBA,AL,peraljo01,3000000
2014,TBA,AL,priceda01,14000000
2014,TBA,AL,ramosce01,750000
2014,TBA,AL,rodrise01,1475000
2014,TBA,AL,zobribe01,7000000
2014,TEX,AL,adducji02,501000
2014,TEX,AL,andruel01,6475000
2014,TEX,AL,arencjp01,1800000
2014,TEX,AL,beltrad01,17000000
2014,TEX,AL,chiriro01,502232
2014,TEX,AL,choicmi01,502000
2014,TEX,AL,choosh01,14000000
2014,TEX,AL,cottsne01,2200000
2014,TEX,AL,darviyu01,10000000
2014,TEX,AL,felizne01,3000000
2014,TEX,AL,fieldpr01,24000000
2014,TEX,AL,frasoja01,1750000
2014,TEX,AL,gimench01,510000
2014,TEX,AL,martile01,3750000
2014,TEX,AL,morelmi01,2650000
2014,TEX,AL,murphdo01,825000
2014,TEX,AL,ogandal01,2625000
2014,TEX,AL,perezma02,750000
2014,TEX,AL,riosal01,12500000
2014,TEX,AL,rosalad01,750000
2014,TEX,AL,rossro01,512745
2014,TEX,AL,sotoge01,3050000
2014,TEX,AL,tollesh01,502082
2014,TEX,AL,willije01,2100000
2014,TOR,AL,bautijo02,14000000
2014,TOR,AL,cabreme01,8000000
2014,TOR,AL,cecilbr01,1300000
2014,TOR,AL,delabst01,515900
2014,TOR,AL,dickera01,12000000
2014,TOR,AL,encared01,9000000
2014,TOR,AL,goinsry01,501900
2014,TOR,AL,happja01,5200000
2014,TOR,AL,hutchdr01,503200
2014,TOR,AL,izturma01,3000000
2014,TOR,AL,janssca01,4000000
2014,TOR,AL,kratzer01,510200
2014,TOR,AL,lawribr01,516100
2014,TOR,AL,lindad01,7000000
2014,TOR,AL,loupaa01,512400
2014,TOR,AL,mcgowdu01,1500000
2014,TOR,AL,morrobr01,8000000
2014,TOR,AL,navardi01,3000000
2014,TOR,AL,rasmuco01,7000000
2014,TOR,AL,redmoto01,505700
2014,TOR,AL,reyesjo01,16000000
2014,TOR,AL,rogeres01,1850000
2014,TOR,AL,santose01,3750000
2014,TOR,AL,sierrmo01,504700
2014,TOR,AL,tholejo01,1250000
2014,WAS,NL,blevije01,1675000
2014,WAS,NL,cedenxa01,507800
2014,WAS,NL,clippty01,5875000
2014,WAS,NL,desmoia01,6500000
2014,WAS,NL,detwiro01,3000000
2014,WAS,NL,espinda01,540580
2014,WAS,NL,fistedo01,7200000
2014,WAS,NL,frandke01,900000
2014,WAS,NL,gonzagi01,8500000
2014,WAS,NL,hairssc01,2500000
2014,WAS,NL,harpebr03,2150000
2014,WAS,NL,jordata01,504300
2014,WAS,NL,koberje01,501000
2014,WAS,NL,larocad01,12000000
2014,WAS,NL,leonsa01,501000
2014,WAS,NL,lobatjo01,900000
2014,WAS,NL,matthry01,520000
2014,WAS,NL,mclouna01,5000000
2014,WAS,NL,moorety01,507900
2014,WAS,NL,ramoswi01,2095000
2014,WAS,NL,rendoan01,1800000
2014,WAS,NL,roarkta01,506100
2014,WAS,NL,soriara01,11000000
2014,WAS,NL,spande01,6500000
2014,WAS,NL,stammcr01,1375000
2014,WAS,NL,storedr01,3450000
2014,WAS,NL,strasst01,3975000
2014,WAS,NL,werthja01,20000000
2014,WAS,NL,zimmejo02,7500000
2014,WAS,NL,zimmery01,14000000
2015,ARI,NL,ahmedni01,508500
2015,ARI,NL,anderch01,512500
2015,ARI,NL,chafian01,507500
2015,ARI,NL,collmjo01,1400000
2015,ARI,NL,corbipa01,524000
2015,ARI,NL,delarru01,516000
2015,ARI,NL,delgara01,526000
2015,ARI,NL,goldspa01,3100000
2015,ARI,NL,gosewtu01,514500
2015,ARI,NL,hellije01,4275000
2015,ARI,NL,hernada01,2000000
2015,ARI,NL,hillaa01,12000000
2015,ARI,NL,hudsoda01,800000
2015,ARI,NL,inciaen01,513000
2015,ARI,NL,lairdge01,1000000
2015,ARI,NL,lambja01,508500
2015,ARI,NL,marshev01,512000
2015,ARI,NL,owingch01,512500
2015,ARI,NL,pachejo01,900000
2015,ARI,NL,pennicl01,3275000
2015,ARI,NL,peralda01,1024000
2015,ARI,NL,perezol01,2500000
2015,ARI,NL,polloaj01,519500
2015,ARI,NL,reedad01,4875000
2015,ARI,NL,reynoma02,600000
2015,ARI,NL,stitema01,510500
2015,ARI,NL,tomasya01,5500000
2015,ARI,NL,trumbma01,6900000
2015,ARI,NL,zieglbr01,5000000
2015,ATL,NL,avilalu01,530000
2015,ATL,NL,bethach01,507500
2015,ATL,NL,cahiltr01,12000000
2015,ATL,NL,callaal01,3000000
2015,ATL,NL,carpeda01,1300000
2015,ATL,NL,cunnito01,507500
2015,ATL,NL,foltymi01,508750
2015,ATL,NL,freemfr01,8500000
2015,ATL,NL,gomesjo01,4000000
2015,ATL,NL,gosseph01,507500
2015,ATL,NL,grillja01,4250000
2015,ATL,NL,johnsch05,6000000
2015,ATL,NL,johnsji04,1600000
2015,ATL,NL,johnske05,1500000
2015,ATL,NL,markani01,11000000
2015,ATL,NL,maybica01,7000000
2015,ATL,NL,millesh01,535000
2015,ATL,NL,peterja01,507500
2015,ATL,NL,pierzaj01,2000000
2015,ATL,NL,simmoan01,3000000
2015,ATL,NL,teherju01,1000000
2015,ATL,NL,terdojo01,507500
2015,ATL,NL,woodal02,520000
2015,ATL,NL,younger03,1000000
2015,BAL,AL,brachbr01,523000
2015,BAL,AL,brittza01,3200000
2015,BAL,AL,cabreev01,2400000
2015,BAL,AL,chenwe02,4750000
2015,BAL,AL,clevest01,514000
2015,BAL,AL,davisch02,12000000
2015,BAL,AL,deazaal01,5000000
2015,BAL,AL,flahery01,1075000
2015,BAL,AL,gausmke01,522000
2015,BAL,AL,gonzami03,3275000
2015,BAL,AL,hardyjj01,11500000
2015,BAL,AL,hunteto02,4650000
2015,BAL,AL,jimenub01,12250000
2015,BAL,AL,jonesad01,13333333
2015,BAL,AL,josepca01,515000
2015,BAL,AL,loughda01,525500
2015,BAL,AL,machama01,548000
2015,BAL,AL,matusbr01,3200000
2015,BAL,AL,mcfartj01,519000
2015,BAL,AL,norribu01,8800000
2015,BAL,AL,odayda01,4250000
2015,BAL,AL,paredji01,515000
2015,BAL,AL,pearcst01,3700000
2015,BAL,AL,schoojo01,515000
2015,BAL,AL,snidetr01,2100000
2015,BAL,AL,tillmch01,4315000
2015,BAL,AL,wietema01,8300000
2015,BAL,AL,youngde03,2250000
2015,BOS,AL,barnema01,508500
2015,BOS,AL,bettsmo01,514500
2015,BOS,AL,bogaexa01,543000
2015,BOS,AL,bradlja02,528000
2015,BOS,AL,breslcr01,2000000
2015,BOS,AL,buchhcl01,12000000
2015,BOS,AL,castiru01,11271000
2015,BOS,AL,cecchga01,508500
2015,BOS,AL,craigal01,5500000
2015,BOS,AL,hanigry01,3500000
2015,BOS,AL,hembrhe01,509500
2015,BOS,AL,holtbr01,530500
2015,BOS,AL,kellyjo05,603000
2015,BOS,AL,layneto01,557000
2015,BOS,AL,leonsa01,510400
2015,BOS,AL,masteju01,9500000
2015,BOS,AL,mileywa01,3666000
2015,BOS,AL,mujiced01,4750000
2015,BOS,AL,napolmi01,16000000
2015,BOS,AL,navada01,1850000
2015,BOS,AL,ogandal01,1500000
2015,BOS,AL,ortizda01,16000000
2015,BOS,AL,pedrodu01,12500000
2015,BOS,AL,porceri01,12500000
2015,BOS,AL,ramirha01,19750000
2015,BOS,AL,rossro01,566500
2015,BOS,AL,sandopa01,17600000
2015,BOS,AL,tazawju01,2250000
2015,BOS,AL,ueharko01,9000000
2015,BOS,AL,varvaan01,576500
2015,BOS,AL,victosh01,13000000
2015,BOS,AL,wrighst01,510500
2015,CHA,AL,abreujo02,8666000
2015,CHA,AL,alberma01,1500000
2015,CHA,AL,beckhgo01,2000000
2015,CHA,AL,bonifem01,3000000
2015,CHA,AL,cabreme01,13000000
2015,CHA,AL,danksjo01,15750000
2015,CHA,AL,drabeky01,518200
2015,CHA,AL,dukeza01,4500000
2015,CHA,AL,eatonad02,850000
2015,CHA,AL,flowety01,2675000
2015,CHA,AL,garciav01,523000
2015,CHA,AL,gillaco01,550000
2015,CHA,AL,guerrja01,937500
2015,CHA,AL,jennida01,523000
2015,CHA,AL,jonesna01,660000
2015,CHA,AL,larocad01,12000000
2015,CHA,AL,noesihe01,1950000
2015,CHA,AL,petrija01,520000
2015,CHA,AL,putnaza01,525000
2015,CHA,AL,quintjo01,3400000
2015,CHA,AL,ramiral03,10000000
2015,CHA,AL,roberda08,10000000
2015,CHA,AL,salech01,6000000
2015,CHA,AL,samarje01,9800000
2015,CHA,AL,sanchca01,510000
2015,CHA,AL,shuckja01,516000
2015,CHA,AL,sotoge01,1500000
2015,CHN,NL,alcanar01,510000
2015,CHN,NL,arrieja01,3630000
2015,CHN,NL,beeleda01,508000
2015,CHN,NL,castiwe01,2100000
2015,CHN,NL,castrst01,6857143
2015,CHN,NL,coghlch01,2505000
2015,CHN,NL,cokeph01,2250000
2015,CHN,NL,denorch01,2600000
2015,CHN,NL,fowlede01,9500000
2015,CHN,NL,grimmju01,531500
2015,CHN,NL,hammeja01,9000000
2015,CHN,NL,hendrky01,510000
2015,CHN,NL,herrejo03,900000
2015,CHN,NL,jacksed01,13000000
2015,CHN,NL,lasteto01,513000
2015,CHN,NL,lestejo01,20000000
2015,CHN,NL,montemi01,12000000
2015,CHN,NL,motteja01,4500000
2015,CHN,NL,oltmi01,520000
2015,CHN,NL,ramirne01,514500
2015,CHN,NL,rizzoan01,5000000
2015,CHN,NL,rondohe01,544000
2015,CHN,NL,rossda01,2500000
2015,CHN,NL,solerjo01,2666667
2015,CHN,NL,stroppe01,2525000
2015,CHN,NL,szczuma01,508500
2015,CHN,NL,wadats01,4000000
2015,CHN,NL,woodtr01,5686000
2015,CIN,NL,badenbu01,1000000
2015,CIN,NL,baileho02,10000000
2015,CIN,NL,boescbr01,1250000
2015,CIN,NL,bourgja01,522500
2015,CIN,NL,bruceja01,12000000
2015,CIN,NL,byrdma01,8000000
2015,CIN,NL,chapmar01,8050000
2015,CIN,NL,cingrto01,525500
2015,CIN,NL,cozarza01,2350000
2015,CIN,NL,cuetojo01,10000000
2015,CIN,NL,desclan01,507500
2015,CIN,NL,diazju03,510000
2015,CIN,NL,frazito01,4500000
2015,CIN,NL,greggke01,1500000
2015,CIN,NL,hamilbi02,545000
2015,CIN,NL,hoovejj01,535000
2015,CIN,NL,iglesra01,1714286
2015,CIN,NL,leakemi01,9775000
2015,CIN,NL,lecursa01,1850000
2015,CIN,NL,marquja01,1500000
2015,CIN,NL,mesorde01,2525000
2015,CIN,NL,negrokr01,512500
2015,CIN,NL,parrama01,3500000
2015,CIN,NL,penabr01,1400000
2015,CIN,NL,phillbr01,12000000
2015,CIN,NL,schumsk01,2500000
2015,CIN,NL,vottojo01,14000000
2015,CLE,AL,adamsau01,507700
2015,CLE,AL,allenco01,547100
2015,CLE,AL,atchisc01,900000
2015,CLE,AL,avilemi01,3500000
2015,CLE,AL,bauertr01,1940000
2015,CLE,AL,bournmi01,13500000
2015,CLE,AL,brantmi02,5875000
2015,CLE,AL,carraca01,2337500
2015,CLE,AL,chiselo01,2250000
2015,CLE,AL,crockky01,510900
2015,CLE,AL,floydga01,4000000
2015,CLE,AL,gomesya01,1000000
2015,CLE,AL,hagadni01,517100
2015,CLE,AL,housetj01,511900
2015,CLE,AL,kipnija01,4166666
2015,CLE,AL,klubeco01,1200000
2015,CLE,AL,mcallza01,520400
2015,CLE,AL,mossbr01,6500000
2015,CLE,AL,murphda07,6000000
2015,CLE,AL,perezro02,508600
2015,CLE,AL,raburry01,2500000
2015,CLE,AL,ramirjo01,511300
2015,CLE,AL,rzepcma01,2400000
2015,CLE,AL,santaca01,6000000
2015,CLE,AL,shawbr01,1550000
2015,CLE,AL,swarzan01,900000
2015,CLE,AL,swishni01,15000000
2015,CLE,AL,tomlijo01,1500000
2015,CLE,AL,walteza01,509600
2015,COL,NL,arenano01,512500
2015,COL,NL,axforjo01,2600000
2015,COL,NL,betanra01,1000000
2015,COL,NL,blackch02,517500
2015,COL,NL,brothre01,1400000
2015,COL,NL,brownbr02,509500
2015,COL,NL,butleed01,509500
2015,COL,NL,descada01,1500000
2015,COL,NL,dickeco01,512500
2015,COL,NL,friedch01,512500
2015,COL,NL,gonzaca01,16000000
2015,COL,NL,hawkila01,2250000
2015,COL,NL,hundlni01,3100000
2015,COL,NL,kendrky01,5500000
2015,COL,NL,lemahdj01,517500
2015,COL,NL,loganbo02,5500000
2015,COL,NL,lylesjo01,2475000
2015,COL,NL,matzety01,509500
2015,COL,NL,mckenmi01,1087600
2015,COL,NL,morneju01,6750000
2015,COL,NL,ottavad01,1300000
2015,COL,NL,delarjo01,12500000
2015,COL,NL,rosarwi01,2800000
2015,COL,NL,stubbdr01,5825000
2015,COL,NL,tulowtr01,20000000
2015,DET,AL,albural01,1725000
2015,DET,AL,avilaal01,5400000
2015,DET,AL,cabremi01,22000000
2015,DET,AL,casteni01,525000
2015,DET,AL,cespeyo01,10500000
2015,DET,AL,chambjo03,1000000
2015,DET,AL,davisra01,5000000
2015,DET,AL,gorzeto01,1000000
2015,DET,AL,gosean01,515000
2015,DET,AL,greensh02,515000
2015,DET,AL,iglesjo01,1443750
2015,DET,AL,kinslia01,16000000
2015,DET,AL,krolia01,515000
2015,DET,AL,martijd02,3000000
2015,DET,AL,martivi01,14000000
2015,DET,AL,mccanja02,507500
2015,DET,AL,nathajo01,10000000
2015,DET,AL,perezhe01,508500
2015,DET,AL,priceda01,19750000
2015,DET,AL,rominan01,520000
2015,DET,AL,rondobr01,510000
2015,DET,AL,sanchan01,16800000
2015,DET,AL,simonal01,5550000
2015,DET,AL,soriajo01,7000000
2015,DET,AL,verlaju01,28000000
2015,HOU,AL,altuvjo01,2500000
2015,HOU,AL,carmofa01,2650000
2015,HOU,AL,cartech02,4175000
2015,HOU,AL,castrja01,4000000
2015,HOU,AL,congeha01,1075000
2015,HOU,AL,dedunsa01,525100
2015,HOU,AL,feldmsc01,10000000
2015,HOU,AL,fieldjo03,516700
2015,HOU,AL,gattiev01,526500
2015,HOU,AL,gonzama01,1062500
2015,HOU,AL,gregelu01,6000000
2015,HOU,AL,grossro01,515000
2015,HOU,AL,harriwi02,513900
2015,HOU,AL,keuchda01,524500
2015,HOU,AL,lowrije01,8000000
2015,HOU,AL,marisja01,511200
2015,HOU,AL,mchugco01,516300
2015,HOU,AL,neshepa01,5500000
2015,HOU,AL,oberhbr01,515800
2015,HOU,AL,peacobr01,515800
2015,HOU,AL,preslal01,1000000
2015,HOU,AL,quallch01,3000000
2015,HOU,AL,rasmuco01,8000000
2015,HOU,AL,singljo02,2000000
2015,HOU,AL,sippto01,2400000
2015,HOU,AL,springe01,512900
2015,HOU,AL,thatcjo01,1000000
2015,HOU,AL,valbulu01,4200000
2015,KCA,AL,cainlo01,2725000
2015,KCA,AL,colemlo01,725000
2015,KCA,AL,colonch01,509525
2015,KCA,AL,daviswa01,7000000
2015,KCA,AL,duffyda01,2425000
2015,KCA,AL,dysonja01,1225000
2015,KCA,AL,escobal02,3000000
2015,KCA,AL,frasoja01,1250000
2015,KCA,AL,gordoal01,12500000
2015,KCA,AL,guthrje01,9000000
2015,KCA,AL,herreke01,1600000
2015,KCA,AL,hochelu01,4000000
2015,KCA,AL,hollagr01,8250000
2015,KCA,AL,hosmeer01,5650000
2015,KCA,AL,infanom01,7500000
2015,KCA,AL,kratzer01,532500
2015,KCA,AL,madsory01,850000
2015,KCA,AL,medlekr01,2000000
2015,KCA,AL,moralfr01,1850000
2015,KCA,AL,moralke01,6500000
2015,KCA,AL,moustmi01,2640000
2015,KCA,AL,perezsa02,1750000
2015,KCA,AL,riosal01,11000000
2015,KCA,AL,vargaja01,8500000
2015,KCA,AL,ventuyo01,950000
2015,KCA,AL,volqued01,7500000
2015,KCA,AL,youngch03,675000
2015,ANA,AL,alvarjo02,509500
2015,ANA,AL,aybarer01,8500000
2015,ANA,AL,buterdr01,987500
2015,ANA,AL,calhoko01,537500
2015,ANA,AL,cowgico01,995000
2015,ANA,AL,croncj01,512500
2015,ANA,AL,freesda01,6425000
2015,ANA,AL,giavojo01,516250
2015,ANA,AL,iannech01,5525000
2015,ANA,AL,joycema01,4750000
2015,ANA,AL,morinmi01,514000
2015,ANA,AL,navaref01,511000
2015,ANA,AL,nieuwki01,525415
2015,ANA,AL,pestavi01,1150000
2015,ANA,AL,pujolal01,24000000
2015,ANA,AL,ramosce01,1312000
2015,ANA,AL,rasmuco02,513000
2015,ANA,AL,richaga01,3200000
2015,ANA,AL,roberda09,511250
2015,ANA,AL,salasfe01,1370000
2015,ANA,AL,santihe01,2290000
2015,ANA,AL,shoemma01,517500
2015,ANA,AL,smithjo05,5250000
2015,ANA,AL,streehu01,7000000
2015,ANA,AL,troutmi01,6083000
2015,ANA,AL,weaveje02,18000000
2015,ANA,AL,wilsocj01,18000000
2015,LAN,NL,anderbr04,10000000
2015,LAN,NL,baezpe01,512500
2015,LAN,NL,barneda01,2525000
2015,LAN,NL,beachbr01,2750000
2015,LAN,NL,crawfca02,21357000
2015,LAN,NL,ellisaj01,4250000
2015,LAN,NL,ethiean01,18000000
2015,LAN,NL,garciyi01,510000
2015,LAN,NL,gonzaad01,21857000
2015,LAN,NL,grandya01,693000
2015,LAN,NL,greinza01,25000000
2015,LAN,NL,guerral01,6500000
2015,LAN,NL,hatchch02,522500
2015,LAN,NL,heisech01,2160000
2015,LAN,NL,howeljp01,4000000
2015,LAN,NL,janseke01,7425000
2015,LAN,NL,kendrho01,9500000
2015,LAN,NL,kershcl01,32571000
2015,LAN,NL,mccarbr01,12500000
2015,LAN,NL,nicasju01,2300000
2015,LAN,NL,pederjo01,510000
2015,LAN,NL,peraljo01,2500000
2015,LAN,NL,puigya01,6214000
2015,LAN,NL,rodrist02,522500
2015,LAN,NL,rolliji01,11000000
2015,LAN,NL,turneju01,2500000
2015,LAN,NL,uribeju01,6500000
2015,LAN,NL,vanslsc01,522500
2015,LAN,NL,wielajo01,590000
2015,MIA,NL,alvarhe01,4000000
2015,MIA,NL,bakerje03,2100000
2015,MIA,NL,cishest01,6650000
2015,MIA,NL,cosarja01,540000
2015,MIA,NL,dunnmi01,2350000
2015,MIA,NL,dysonsa01,507500
2015,MIA,NL,fernajo02,651000
2015,MIA,NL,gordode01,2500000
2015,MIA,NL,handbr01,520000
2015,MIA,NL,harenda01,10000000
2015,MIA,NL,hechaad01,1925000
2015,MIA,NL,kellydo01,1250000
2015,MIA,NL,koehlto01,555000
2015,MIA,NL,latosma01,9400000
2015,MIA,NL,mathije01,1500000
2015,MIA,NL,morribr01,531500
2015,MIA,NL,ozunama01,545000
2015,MIA,NL,phelpda01,1400000
2015,MIA,NL,pradoma01,11000000
2015,MIA,NL,ramosaj01,530000
2015,MIA,NL,solando01,531500
2015,MIA,NL,stantmi03,6500000
2015,MIA,NL,suzukic01,2000000
2015,MIA,NL,yelicch01,570000
2015,MIL,NL,blazemi01,508500
2015,MIL,NL,braunry02,13000000
2015,MIL,NL,broxtjo01,9000000
2015,MIL,NL,centeju01,507500
2015,MIL,NL,cottsne01,3000000
2015,MIL,NL,daviskh01,519500
2015,MIL,NL,fiersmi01,512500
2015,MIL,NL,garzama01,12500000
2015,MIL,NL,gennesc01,516500
2015,MIL,NL,gomezca01,8000000
2015,MIL,NL,gomezhe01,507500
2015,MIL,NL,jeffrje01,510500
2015,MIL,NL,jimenlu02,508500
2015,MIL,NL,kintzbr01,1075000
2015,MIL,NL,lindad01,7500000
2015,MIL,NL,lohseky01,11000000
2015,MIL,NL,lucrojo01,3000000
2015,MIL,NL,maldoma01,825000
2015,MIL,NL,nelsoji02,511500
2015,MIL,NL,parrage01,6237500
2015,MIL,NL,peralwi01,525500
2015,MIL,NL,ramirar01,14000000
2015,MIL,NL,rodrifr03,3500000
2015,MIL,NL,rogerja02,507500
2015,MIL,NL,schaflo01,510500
2015,MIL,NL,segurje01,534000
2015,MIL,NL,smithwi04,512500
2015,MIL,NL,thornty01,510500
2015,MIL,NL,wootero01,509500
2015,MIN,AL,arciaos01,532500
2015,MIN,AL,boyerbl01,750000
2015,MIN,AL,doziebr01,2000000
2015,MIN,AL,duensbr01,2700000
2015,MIN,AL,escobed01,532500
2015,MIN,AL,fienca01,1375000
2015,MIN,AL,gibsoky01,537500
2015,MIN,AL,herrmch01,510000
2015,MIN,AL,hugheph01,9200000
2015,MIN,AL,hunteto01,10500000
2015,MIN,AL,mauerjo01,23000000
2015,MIN,AL,milonto01,2775000
2015,MIN,AL,nolasri01,12000000
2015,MIN,AL,nunezed02,1025000
2015,MIN,AL,pelfrmi01,5500000
2015,MIN,AL,perkigl01,4650000
2015,MIN,AL,plouftr01,4800000
2015,MIN,AL,robinsh01,550000
2015,MIN,AL,santada01,530000
2015,MIN,AL,santaer01,13500000
2015,MIN,AL,schafjo02,1550000
2015,MIN,AL,staufti01,2200000
2015,MIN,AL,suzukku01,6000000
2015,MIN,AL,thompaa01,520000
2015,MIN,AL,vargake01,517500
2015,NYA,AL,beltrca01,15000000
2015,NYA,AL,betande01,507500
2015,NYA,AL,capuach01,5000000
2015,NYA,AL,drewst01,5000000
2015,NYA,AL,ellsbja01,21142857
2015,NYA,AL,eovalna01,3300000
2015,NYA,AL,gardnbr01,12500000
2015,NYA,AL,gregodi01,553900
2015,NYA,AL,headlch01,13000000
2015,NYA,AL,jonesga02,5000000
2015,NYA,AL,martich02,511025
2015,NYA,AL,mccanbr01,17000000
2015,NYA,AL,millean01,9000000
2015,NYA,AL,murphjr01,518700
2015,NYA,AL,novaiv01,3300000
2015,NYA,AL,petitgr01,510000
2015,NYA,AL,pinedmi01,2100000
2015,NYA,AL,pireljo01,510000
2015,NYA,AL,rodrial01,22000000
2015,NYA,AL,rogeres01,1480000
2015,NYA,AL,rominau01,554100
2015,NYA,AL,ryanbr01,2000000
2015,NYA,AL,sabatcc01,23000000
2015,NYA,AL,shrevch01,510275
2015,NYA,AL,tanakma01,22000000
2015,NYA,AL,teixema01,23125000
2015,NYA,AL,warread01,572600
2015,NYA,AL,wilsoju10,556000
2015,NYA,AL,youngch04,2500000
2015,NYN,NL,campber01,511065
2015,NYN,NL,carlybu01,725000
2015,NYN,NL,colonba01,11000000
2015,NYN,NL,cuddymi01,8500000
2015,NYN,NL,darnatr01,525424
2015,NYN,NL,degroja01,556875
2015,NYN,NL,dudalu01,4200000
2015,NYN,NL,familje01,523925
2015,NYN,NL,florewi01,513543
2015,NYN,NL,geedi01,5300000
2015,NYN,NL,goedder01,509125
2015,NYN,NL,grandcu01,16000000
2015,NYN,NL,harvema01,614125
2015,NYN,NL,lagarju01,528696
2015,NYN,NL,maybejo02,1450000
2015,NYN,NL,mejiaje01,2595000
2015,NYN,NL,montera01,511000
2015,NYN,NL,murphda08,8000000
2015,NYN,NL,niesejo01,7000000
2015,NYN,NL,parnebo01,3700000
2015,NYN,NL,reckean01,517880
2015,NYN,NL,tejadru01,1880000
2015,NYN,NL,torreal01,522900
2015,NYN,NL,torreca01,582125
2015,NYN,NL,wrighda03,20000000
2015,OAK,AL,abadfe01,1087500
2015,OAK,AL,alvarrj01,507500
2015,OAK,AL,butlebi03,6666000
2015,OAK,AL,chaveje01,2150000
2015,OAK,AL,clippty01,8300001
2015,OAK,AL,cookry01,1400000
2015,OAK,AL,crispco01,11000000
2015,OAK,AL,davisik02,3800000
2015,OAK,AL,doolise01,780000
2015,OAK,AL,fuldsa01,1750000
2015,OAK,AL,gentrcr01,1600000
2015,OAK,AL,graveke01,507500
2015,OAK,AL,grayso01,512500
2015,OAK,AL,hahnje01,507500
2015,OAK,AL,kazmisc01,13000000
2015,OAK,AL,lawribr01,1925000
2015,OAK,AL,oflaher01,5500000
2015,OAK,AL,oteroda01,512500
2015,OAK,AL,phegljo01,510000
2015,OAK,AL,pomerdr01,517500
2015,OAK,AL,reddijo01,4100000
2015,OAK,AL,rodrife02,635000
2015,OAK,AL,scribev01,512500
2015,OAK,AL,semiema01,510000
2015,OAK,AL,sogarer01,1075000
2015,OAK,AL,valenda01,1675000
2015,OAK,AL,vogtst01,512500
2015,OAK,AL,zobribe01,7500000
2015,PHI,NL,ascheco01,517500
2015,PHI,NL,billich01,1500000
2015,PHI,NL,blancan01,850000
2015,PHI,NL,browndo01,2600000
2015,PHI,NL,buchada01,512500
2015,PHI,NL,defraju01,528000
2015,PHI,NL,diekmja01,535500
2015,PHI,NL,francje02,950000
2015,PHI,NL,galvifr01,513500
2015,PHI,NL,garcilu03,509000
2015,PHI,NL,gileske01,519000
2015,PHI,NL,gomezje01,800000
2015,PHI,NL,hamelco01,23500000
2015,PHI,NL,haranaa01,5000000
2015,PHI,NL,hernace02,510000
2015,PHI,NL,howarry01,25000000
2015,PHI,NL,jimence01,575000
2015,PHI,NL,mcgowdu01,650000
2015,PHI,NL,papeljo01,13000000
2015,PHI,NL,reverbe01,4100000
2015,PHI,NL,rufda01,515000
2015,PHI,NL,ruizca01,8500000
2015,PHI,NL,ruppca01,508000
2015,PHI,NL,sizemgr01,2000000
2015,PHI,NL,utleych01,15000000
2015,PHI,NL,willije01,2500000
2015,PIT,NL,alvarpe01,5750000
2015,PIT,NL,bastaan01,3100000
2015,PIT,NL,burneaj01,8500000
2015,PIT,NL,caminar01,515500
2015,PIT,NL,cervefr01,987500
2015,PIT,NL,colege01,531000
2015,PIT,NL,deckeja01,510000
2015,PIT,NL,floripe01,521000
2015,PIT,NL,harrijo05,3050000
2015,PIT,NL,hartco01,2500000
2015,PIT,NL,hugheja02,1075000
2015,PIT,NL,kangju01,2500000
2015,PIT,NL,lamboan01,515500
2015,PIT,NL,liriafr01,11666666
2015,PIT,NL,lizra01,1000000
2015,PIT,NL,lockeje01,531000
2015,PIT,NL,martest01,1333333
2015,PIT,NL,mccutan01,10000000
2015,PIT,NL,melanma01,5400000
2015,PIT,NL,mercejo03,538000
2015,PIT,NL,mortoch02,8000000
2015,PIT,NL,polangr01,525000
2015,PIT,NL,rodrise01,1900000
2015,PIT,NL,sanchto01,518000
2015,PIT,NL,stewach01,1225000
2015,PIT,NL,tabatjo01,4000000
2015,PIT,NL,walkene01,8000000
2015,PIT,NL,watsoto01,1750000
2015,PIT,NL,worleva01,2450000
2015,SDN,NL,alonsyo01,1650000
2015,SDN,NL,amarial01,1150000
2015,SDN,NL,barmecl01,1300000
2015,SDN,NL,benoijo01,8000000
2015,SDN,NL,cashnan01,4050000
2015,SDN,NL,despaod01,517300
2015,SDN,NL,garcefr01,508500
2015,SDN,NL,gyorkje01,2000000
2015,SDN,NL,kellesh01,2835000
2015,SDN,NL,kempma01,21250000
2015,SDN,NL,kenneia01,9850000
2015,SDN,NL,kimbrcr01,9000000
2015,SDN,NL,middlwi01,540500
2015,SDN,NL,morrobr01,2500000
2015,SDN,NL,myerswi01,519800
2015,SDN,NL,nievewi01,850000
2015,SDN,NL,norride01,545000
2015,SDN,NL,rossty01,5250000
2015,SDN,NL,shielja02,10000000
2015,SDN,NL,solarya01,516400
2015,SDN,NL,spangco01,508500
2015,SDN,NL,thayeda01,1375000
2015,SDN,NL,uptonbj01,14450000
2015,SDN,NL,uptonju01,14500000
2015,SDN,NL,venabwi01,4250000
2015,SDN,NL,vinceni01,525300
2015,SEA,AL,ackledu01,2600000
2015,SEA,AL,bloomwi01,3000000
2015,SEA,AL,canoro01,24000000
2015,SEA,AL,cruzne02,14250000
2015,SEA,AL,farquda01,527000
2015,SEA,AL,furbuch01,1300000
2015,SEA,AL,happja01,6700000
2015,SEA,AL,hernafe02,24857000
2015,SEA,AL,iwakuhi01,7000000
2015,SEA,AL,jacksau01,7700000
2015,SEA,AL,medinyo01,527300
2015,SEA,AL,millebr02,527600
2015,SEA,AL,morrilo01,2725000
2015,SEA,AL,olmosed01,512500
2015,SEA,AL,paxtoja01,519000
2015,SEA,AL,rodnefe01,7000000
2015,SEA,AL,ruggiju01,2505000
2015,SEA,AL,seageky01,4500000
2015,SEA,AL,smithse01,6000000
2015,SEA,AL,sucreje01,509300
2015,SEA,AL,tayloch03,512400
2015,SEA,AL,walketa01,513100
2015,SEA,AL,weeksri01,2000000
2015,SEA,AL,wilheto01,1400000
2015,SEA,AL,zuninmi01,523500
2015,SFN,NL,affelje01,6000000
2015,SFN,NL,aokino01,4000000
2015,SFN,NL,ariasjo01,1450000
2015,SFN,NL,beltbr01,3600000
2015,SFN,NL,blancgr01,3600000
2015,SFN,NL,bumgama01,6750000
2015,SFN,NL,cainma01,21000000
2015,SFN,NL,crawfbr01,3175000
2015,SFN,NL,duffyma01,509000
2015,SFN,NL,garcija01,5000000
2015,SFN,NL,hudsoti01,12000000
2015,SFN,NL,ishiktr01,1100000
2015,SFN,NL,kontoge01,517500
2015,SFN,NL,linceti01,18000000
2015,SFN,NL,lopezja02,4000000
2015,SFN,NL,machije01,527500
2015,SFN,NL,maxweju01,1000000
2015,SFN,NL,mcgehca01,4800000
2015,SFN,NL,paganan01,10250000
2015,SFN,NL,panikjo01,522500
2015,SFN,NL,peavyja01,9000000
2015,SFN,NL,pencehu01,18500000
2015,SFN,NL,petityu01,2100000
2015,SFN,NL,poseybu01,16500000
2015,SFN,NL,romose01,6000000
2015,SFN,NL,sanchhe01,800000
2015,SFN,NL,vogelry01,4000000
2015,SLN,NL,adamsma01,534000
2015,SLN,NL,belisma01,3500000
2015,SLN,NL,bourjpe01,1650000
2015,SLN,NL,carpema01,3750000
2015,SLN,NL,choatra01,3000000
2015,SLN,NL,cruzto03,775000
2015,SLN,NL,garcija02,9250000
2015,SLN,NL,grichra01,510000
2015,SLN,NL,heywaja01,7800000
2015,SLN,NL,hollima01,17000000
2015,SLN,NL,jayjo02,4125000
2015,SLN,NL,kozmape01,522000
2015,SLN,NL,lackejo01,507500
2015,SLN,NL,lynnla01,7000000
2015,SLN,NL,manesse01,530000
2015,SLN,NL,martica04,520000
2015,SLN,NL,molinya01,15000000
2015,SLN,NL,peraljh01,15000000
2015,SLN,NL,reynoma01,2000000
2015,SLN,NL,rosentr01,535000
2015,SLN,NL,siegrke01,518000
2015,SLN,NL,villaca01,2000000
2015,SLN,NL,wachami01,520000
2015,SLN,NL,wainwad01,19500000
2015,SLN,NL,waldejo01,2675000
2015,SLN,NL,wongko01,520000
2015,TBA,AL,andrima01,507500
2015,TBA,AL,archech01,1166667
2015,TBA,AL,beckhti01,508100
2015,TBA,AL,belivje01,513600
2015,TBA,AL,boxbebr01,521400
2015,TBA,AL,cabreas01,7500000
2015,TBA,AL,colomal01,510800
2015,TBA,AL,dejesda01,5000000
2015,TBA,AL,forsylo01,1100000
2015,TBA,AL,frankni01,1021800
2015,TBA,AL,frierer01,800000
2015,TBA,AL,guyerbr01,515800
2015,TBA,AL,jasojo01,3175000
2015,TBA,AL,jennide01,3100000
2015,TBA,AL,jepseke01,3025000
2015,TBA,AL,karnsna01,508800
2015,TBA,AL,kiermke01,513800
2015,TBA,AL,loneyja01,8666666
2015,TBA,AL,longoev01,11000000
2015,TBA,AL,mcgeeja01,3550000
2015,TBA,AL,moorema02,3000000
2015,TBA,AL,odorija01,522000
2015,TBA,AL,ramirer02,522800
2015,TBA,AL,riverre01,1200000
2015,TBA,AL,smylydr01,2650000
2015,TBA,AL,souzast01,508700
2015,TBA,AL,wilsobo02,700000
2015,TBA,AL,wrighwe01,1700000
2015,TBA,AL,yateski01,512800
2015,TEX,AL,andruel01,15000000
2015,TEX,AL,bassan01,725000
2015,TEX,AL,beltrad01,16000000
2015,TEX,AL,chiriro01,518290
2015,TEX,AL,choosh01,14000000
2015,TEX,AL,claudal01,508500
2015,TEX,AL,corpoca01,975000
2015,TEX,AL,detwiro01,3450000
2015,TEX,AL,edwarjo02,508500
2015,TEX,AL,felizne01,4125000
2015,TEX,AL,fieldpr01,24000000
2015,TEX,AL,freemsa01,517000
2015,TEX,AL,fujikky01,1100000
2015,TEX,AL,gallayo01,14000000
2015,TEX,AL,hamiljo03,22708749
2015,TEX,AL,hollade01,7400000
2015,TEX,AL,kleinph01,509500
2015,TEX,AL,lewisco01,4000000
2015,TEX,AL,martile01,4750000
2015,TEX,AL,martini01,515000
2015,TEX,AL,mendero01,509500
2015,TEX,AL,morelmi01,2950000
2015,TEX,AL,odorro01,513850
2015,TEX,AL,perezma02,1000000
2015,TEX,AL,rodriwa01,507000
2015,TEX,AL,rosalad01,900000
2015,TEX,AL,ruary01,508500
2015,TEX,AL,schepta01,515200
2015,TEX,AL,smolija01,508500
2015,TEX,AL,tollesh01,519700
2015,TOR,AL,bautijo02,14000000
2015,TOR,AL,buehrma01,20000000
2015,TOR,AL,cecilbr01,2475000
2015,TOR,AL,dickera01,12000000
2015,TOR,AL,donaljo02,4300000
2015,TOR,AL,encared01,10000000
2015,TOR,AL,estrama01,3900000
2015,TOR,AL,goinsry01,512800
2015,TOR,AL,hendrli01,518400
2015,TOR,AL,hutchdr01,520100
2015,TOR,AL,hynesco01,510800
2015,TOR,AL,loupaa01,527500
2015,TOR,AL,martiru01,7000000
2015,TOR,AL,navardi01,5000000
2015,TOR,AL,norrida01,508700
2015,TOR,AL,pillake01,512000
2015,TOR,AL,pompeda01,508500
2015,TOR,AL,redmoto01,520000
2015,TOR,AL,reyesjo01,22000000
2015,TOR,AL,sanchaa01,1021600
2015,TOR,AL,saundmi01,2875000
2015,TOR,AL,smoakju01,1000000
2015,TOR,AL,stromma01,514700
2015,TOR,AL,tholejo01,1750000
2015,TOR,AL,tollest01,517300
2015,WAS,NL,barreaa01,514200
2015,WAS,NL,cedenxa01,516500
2015,WAS,NL,dendema01,512972
2015,WAS,NL,desmoia01,11000000
2015,WAS,NL,escobyu01,5000000
2015,WAS,NL,espinda01,1800000
2015,WAS,NL,fistedo01,11400000
2015,WAS,NL,gonzagi01,11000000
2015,WAS,NL,harpebr03,2500000
2015,WAS,NL,janssca01,3500000
2015,WAS,NL,johnsre02,1000000
2015,WAS,NL,lobatjo01,1200000
2015,WAS,NL,moorety01,518200
2015,WAS,NL,ramoswi01,3550000
2015,WAS,NL,rendoan01,2500000
2015,WAS,NL,roarkta01,529600
2015,WAS,NL,robincl01,525000
2015,WAS,NL,scherma01,17142000
2015,WAS,NL,spande01,9000000
2015,WAS,NL,stammcr01,2250000
2015,WAS,NL,storedr01,5700000
2015,WAS,NL,strasst01,7400000
2015,WAS,NL,taylomi02,508700
2015,WAS,NL,thornma01,3500000
2015,WAS,NL,treinbl01,512800
2015,WAS,NL,ugglada01,507500
2015,WAS,NL,werthja01,21000000
2015,WAS,NL,zimmejo02,16500000
2015,WAS,NL,zimmery01,14000000
2016,ARI,NL,ahmedni01,521600
2016,ARI,NL,barreja01,507500
2016,ARI,NL,brachsi01,509300
2016,ARI,NL,britoso01,508500
2016,ARI,NL,castiwe01,3700000
2016,ARI,NL,chafian01,519700
2016,ARI,NL,clippty01,6100000
2016,ARI,NL,corbipa01,2525000
2016,ARI,NL,delarru01,2350000
2016,ARI,NL,delgara01,1275000
2016,ARI,NL,drurybr01,508900
2016,ARI,NL,goldspa01,5833333
2016,ARI,NL,gosseph01,513900
2016,ARI,NL,greinza01,31799030
2016,ARI,NL,herrmch01,515900
2016,ARI,NL,hudsoda01,2700000
2016,ARI,NL,lambja01,520300
2016,ARI,NL,millesh01,4350000
2016,ARI,NL,owingch01,530500
2016,ARI,NL,peralda01,529600
2016,ARI,NL,polloaj01,3500000
2016,ARI,NL,rayro02,521000
2016,ARI,NL,segurje01,2600000
2016,ARI,NL,tomasya01,7500000
2016,ARI,NL,weeksri01,1500000
2016,ARI,NL,zieglbr01,5500000
2016,ATL,NL,aybarer01,8500000
2016,ATL,NL,banuema01,507500
2016,ATL,NL,beckhgo01,1250000
2016,ATL,NL,flowety01,2000000
2016,ATL,NL,francje02,1000000
2016,ATL,NL,freemfr01,12359375
2016,ATL,NL,gantjo01,507500
2016,ATL,NL,garciad01,508750
2016,ATL,NL,grillja01,3625000
2016,ATL,NL,inciaen01,523000
2016,ATL,NL,johnsji04,2500000
2016,ATL,NL,johnske05,2000000
2016,ATL,NL,markani01,11000000
2016,ATL,NL,mckiran01,511750
2016,ATL,NL,norribu01,2500000
2016,ATL,NL,oflaher01,1750000
2016,ATL,NL,ogandal01,2000000
2016,ATL,NL,olivehe01,4000000
2016,ATL,NL,perezwi01,511250
2016,ATL,NL,peterja01,520500
2016,ATL,NL,pierzaj01,3000000
2016,ATL,NL,ramirjo02,507500
2016,ATL,NL,rodrist02,520500
2016,ATL,NL,simmosh01,508000
2016,ATL,NL,stubbdr01,507500
2016,ATL,NL,teherju01,3466666
2016,ATL,NL,vizcaar01,897500
2016,ATL,NL,winklda01,508500
2016,ATL,NL,wislema01,507500
2016,BAL,AL,alvarpe01,5731704
2016,BAL,AL,brachbr01,1250000
2016,BAL,AL,brittza01,6750000
2016,BAL,AL,bundydy01,1800000
2016,BAL,AL,davisch02,21268890
2016,BAL,AL,flahery01,1500000
2016,BAL,AL,gallayo01,8728776
2016,BAL,AL,gausmke01,532000
2016,BAL,AL,givenmy01,511500
2016,BAL,AL,hardyjj01,12209424
2016,BAL,AL,jimenub01,12673102
2016,BAL,AL,jonesad01,16329674
2016,BAL,AL,josepca01,523500
2016,BAL,AL,kimhy01,2800000
2016,BAL,AL,machama01,5000000
2016,BAL,AL,matusbr01,3900000
2016,BAL,AL,mcfartj01,523500
2016,BAL,AL,mileywa01,16329674
2016,BAL,AL,odayda01,5854712
2016,BAL,AL,paredji01,520000
2016,BAL,AL,reimono01,1300000
2016,BAL,AL,rickajo01,507500
2016,BAL,AL,schoojo01,522500
2016,BAL,AL,tillmch01,6225000
2016,BAL,AL,trumbma01,9150000
2016,BAL,AL,wietema01,15800000
2016,BAL,AL,wilsoty01,511500
2016,BAL,AL,worleva01,2600000
2016,BAL,AL,wrighmi01,510500
2016,BOS,AL,barnema01,511000
2016,BOS,AL,bettsmo01,566000
2016,BOS,AL,bogaexa01,650000
2016,BOS,AL,bradlja02,546500
2016,BOS,AL,buchhcl01,13000000
2016,BOS,AL,castiru01,11400000
2016,BOS,AL,hanigry01,3700000
2016,BOS,AL,holtbr01,606000
2016,BOS,AL,kellyjo05,2600000
2016,BOS,AL,kimbrcr01,11000000
2016,BOS,AL,layneto01,563750
2016,BOS,AL,ortizda01,16000000
2016,BOS,AL,pedrodu01,12642511
2016,BOS,AL,porceri01,20125000
2016,BOS,AL,priceda01,30000000
2016,BOS,AL,ramirha01,22750000
2016,BOS,AL,ramirno01,509500
2016,BOS,AL,rodried05,521000
2016,BOS,AL,rossro01,1250000
2016,BOS,AL,sandopa01,17600000
2016,BOS,AL,shawtr01,515000
2016,BOS,AL,smithca02,529000
2016,BOS,AL,swihabl01,518500
2016,BOS,AL,tazawju01,3375000
2016,BOS,AL,ueharko01,9000000
2016,BOS,AL,vazquch01,513000
2016,BOS,AL,workmbr01,539500
2016,BOS,AL,wrighst01,514500
2016,BOS,AL,youngch04,6500000
2016,CHN,NL,arrieja01,10700000
2016,CHN,NL,baezja01,512000
2016,CHN,NL,beeleda01,508500
2016,CHN,NL,brookaa01,510000
2016,CHN,NL,bryankr01,652000
2016,CHN,NL,cahiltr01,4250000
2016,CHN,NL,fowlede01,8000000
2016,CHN,NL,grimmju01,1275000
2016,CHN,NL,hammeja01,9000000
2016,CHN,NL,hendrky01,541000
2016,CHN,NL,heywaja01,19555288
2016,CHN,NL,lackejo01,16000000
2016,CHN,NL,lasteto01,532000
2016,CHN,NL,lestejo01,25000000
2016,CHN,NL,montemi01,14000000
2016,CHN,NL,ramirne01,524500
2016,CHN,NL,richacl01,2000000
2016,CHN,NL,rizzoan01,5285714
2016,CHN,NL,rondohe01,4200000
2016,CHN,NL,rosscza01,524500
2016,CHN,NL,rossda01,2500000
2016,CHN,NL,russead02,527000
2016,CHN,NL,schwaky01,522000
2016,CHN,NL,solerjo01,3666666
2016,CHN,NL,stroppe01,4400000
2016,CHN,NL,szczuma01,511500
2016,CHN,NL,warread01,1700000
2016,CHN,NL,woodtr01,6170000
2016,CHN,NL,zobribe01,10500000
2016,CHA,AL,abreujo02,11666667
2016,CHA,AL,alberma01,2000000
2016,CHA,AL,avilaal01,2500000
2016,CHA,AL,cabreme01,14000000
2016,CHA,AL,danksjo01,15750000
2016,CHA,AL,dukeza01,5000000
2016,CHA,AL,eatonad02,2750000
2016,CHA,AL,frazito01,8250000
2016,CHA,AL,garciav01,2100000
2016,CHA,AL,jacksau01,5000000
2016,CHA,AL,jennida01,810000
2016,CHA,AL,jonesna01,900000
2016,CHA,AL,lamboan01,3000000
2016,CHA,AL,lawribr01,4125000
2016,CHA,AL,navardi01,4000000
2016,CHA,AL,petrija01,535000
2016,CHA,AL,putnaza01,975000
2016,CHA,AL,quintjo01,5400000
2016,CHA,AL,roberda08,11000000
2016,CHA,AL,rodonca01,518000
2016,CHA,AL,rolliji01,2000000
2016,CHA,AL,saladty01,513000
2016,CHA,AL,salech01,9150000
2016,CHA,AL,sandsje01,535000
2016,CHA,AL,shuckja01,521000
2016,CIN,NL,baileho02,18000000
2016,CIN,NL,barnhtu01,517500
2016,CIN,NL,bruceja01,12541666
2016,CIN,NL,cingrto01,530000
2016,CIN,NL,cothaca01,509675
2016,CIN,NL,cozarza01,2925000
2016,CIN,NL,dejesiv02,517000
2016,CIN,NL,desclan01,540000
2016,CIN,NL,diazju03,525000
2016,CIN,NL,duvalad01,510000
2016,CIN,NL,finnebr01,511500
2016,CIN,NL,hamilbi02,570000
2016,CIN,NL,holtty01,508000
2016,CIN,NL,hoovejj01,1400000
2016,CIN,NL,iglesra01,3214285
2016,CIN,NL,lambjo02,507500
2016,CIN,NL,lorenmi01,516500
2016,CIN,NL,mesorde01,5025000
2016,CIN,NL,moscojo01,508000
2016,CIN,NL,ohlenro01,800000
2016,CIN,NL,phillbr01,13083333
2016,CIN,NL,sampske01,507500
2016,CIN,NL,schebsc01,507500
2016,CIN,NL,simonal01,2000000
2016,CIN,NL,skipwky01,508000
2016,CIN,NL,straida01,512100
2016,CIN,NL,suareeu01,545000
2016,CIN,NL,vottojo01,20000000
2016,CIN,NL,woodbl01,600000
2016,CLE,AL,allenco01,4150000
2016,CLE,AL,anderco01,511400
2016,CLE,AL,bauertr01,1697500
2016,CLE,AL,brantmi02,7375000
2016,CLE,AL,byrdma01,1000000
2016,CLE,AL,carraca01,4500000
2016,CLE,AL,chiselo01,2725000
2016,CLE,AL,cowgico01,1000000
2016,CLE,AL,davisra01,5250000
2016,CLE,AL,detwiro01,1000000
2016,CLE,AL,gomesya01,2583333
2016,CLE,AL,hunteto02,2000000
2016,CLE,AL,kipnija01,6166667
2016,CLE,AL,klubeco01,4700000
2016,CLE,AL,lindofr01,540300
2016,CLE,AL,manshje01,765000
2016,CLE,AL,mcallza01,1300000
2016,CLE,AL,napolmi01,7000000
2016,CLE,AL,naquity01,507500
2016,CLE,AL,oteroda01,520000
2016,CLE,AL,perezro02,515800
2016,CLE,AL,ramirjo01,518200
2016,CLE,AL,salazda01,536200
2016,CLE,AL,santaca01,8450000
2016,CLE,AL,shawbr01,2750000
2016,CLE,AL,tomlijo01,2250000
2016,CLE,AL,uribeju01,4000000
2016,COL,NL,adamecr01,509500
2016,COL,NL,anderty01,509500
2016,COL,NL,arenano01,5000000
2016,COL,NL,barnebr02,1000000
2016,COL,NL,bergmch01,512500
2016,COL,NL,bettich01,512500
2016,COL,NL,blackch02,3500000
2016,COL,NL,castrmi01,509500
2016,COL,NL,chatwty01,1000000
2016,COL,NL,delarjo01,12500000
2016,COL,NL,descada01,2100000
2016,COL,NL,diazja01,509500
2016,COL,NL,gonzaca01,17428571
2016,COL,NL,grayjo02,509500
2016,COL,NL,gurkaja01,660000
2016,COL,NL,hundlni01,3150000
2016,COL,NL,lemahdj01,3000000
2016,COL,NL,loganbo02,6250000
2016,COL,NL,lylesjo01,2975000
2016,COL,NL,matzety01,509500
2016,COL,NL,mcgeeja01,4800000
2016,COL,NL,milleju02,509500
2016,COL,NL,motteja01,5000000
2016,COL,NL,ottavad01,1300000
2016,COL,NL,parrage01,8000000
2016,COL,NL,paulsbe01,512500
2016,COL,NL,quallch01,2250000
2016,COL,NL,raburry01,1500000
2016,COL,NL,reyesjo01,22000000
2016,COL,NL,reynoma01,2600000
2016,COL,NL,rusinch01,512500
2016,COL,NL,storytr01,507500
2016,COL,NL,wolteto01,507500
2016,DET,AL,avilemi01,2000000
2016,DET,AL,cabremi01,28000000
2016,DET,AL,casteni01,536500
2016,DET,AL,collity01,510500
2016,DET,AL,farmebu01,509500
2016,DET,AL,ferreje01,507500
2016,DET,AL,gosean01,525000
2016,DET,AL,greensh02,517000
2016,DET,AL,hardybl01,520500
2016,DET,AL,iglesjo01,2100000
2016,DET,AL,kensilo01,575000
2016,DET,AL,kinslia01,14000000
2016,DET,AL,lowema01,5500000
2016,DET,AL,martijd02,6750000
2016,DET,AL,martivi01,18000000
2016,DET,AL,maybica01,8000000
2016,DET,AL,mccanja02,519500
2016,DET,AL,nesbian01,508500
2016,DET,AL,norrida01,514500
2016,DET,AL,pelfrmi01,8000000
2016,DET,AL,rodrifr03,7383481
2016,DET,AL,rominan01,900000
2016,DET,AL,ryanky01,509500
2016,DET,AL,saltaja01,507500
2016,DET,AL,sanchan01,16800000
2016,DET,AL,uptonju01,22125000
2016,DET,AL,verhadr01,509500
2016,DET,AL,verlaju01,28000000
2016,DET,AL,wilsoal01,522500
2016,DET,AL,wilsoju10,1525000
2016,DET,AL,zimmejo02,18000000
2016,HOU,AL,altuvjo01,3687500
2016,HOU,AL,castrja01,5000000
2016,HOU,AL,correca01,516700
2016,HOU,AL,duffyma01,510200
2016,HOU,AL,feldmsc01,8000000
2016,HOU,AL,felizmi01,508200
2016,HOU,AL,fieldjo03,900000
2016,HOU,AL,fiersmi01,524100
2016,HOU,AL,fistedo01,7000000
2016,HOU,AL,gattiev01,3300000
2016,HOU,AL,gileske01,528200
2016,HOU,AL,gomezca01,9000000
2016,HOU,AL,gonzama01,2000000
2016,HOU,AL,gregelu01,6750000
2016,HOU,AL,harriwi02,525500
2016,HOU,AL,keuchda01,7250000
2016,HOU,AL,kratzer01,850000
2016,HOU,AL,marisja01,519500
2016,HOU,AL,mcculla02,516700
2016,HOU,AL,mchugco01,529000
2016,HOU,AL,neshepa01,6500000
2016,HOU,AL,rasmuco01,15800000
2016,HOU,AL,sippto01,6000000
2016,HOU,AL,springe01,522400
2016,HOU,AL,stassma01,508200
2016,HOU,AL,tuckepr01,515000
2016,HOU,AL,valbulu01,6125000
2016,HOU,AL,whitety01,507500
2016,KCA,AL,buterdr01,1162500
2016,KCA,AL,cainlo01,6500000
2016,KCA,AL,colliti01,1475000
2016,KCA,AL,colonch01,518425
2016,KCA,AL,daviswa01,8000000
2016,KCA,AL,duffyda01,4225000
2016,KCA,AL,dysonja01,1725000
2016,KCA,AL,escobal02,5250000
2016,KCA,AL,fuentre01,508450
2016,KCA,AL,geedi01,2000000
2016,KCA,AL,gordoal01,12000000
2016,KCA,AL,gorete01,508500
2016,KCA,AL,herreke01,2550000
2016,KCA,AL,hochelu01,5500000
2016,KCA,AL,hosmeer01,8250000
2016,KCA,AL,infanom01,7750000
2016,KCA,AL,kenneia01,7500000
2016,KCA,AL,medlekr01,5500000
2016,KCA,AL,minormi01,2000000
2016,KCA,AL,moralke01,9000000
2016,KCA,AL,moustmi01,5600000
2016,KCA,AL,orlanpa01,514250
2016,KCA,AL,perezsa02,2000000
2016,KCA,AL,soriajo01,7000000
2016,KCA,AL,vargaja01,8500000
2016,KCA,AL,ventuyo01,1200000
2016,KCA,AL,volqued01,9500000
2016,KCA,AL,wangch01,1000000
2016,KCA,AL,youngch03,4250000
2016,ANA,AL,alvarjo02,507500
2016,ANA,AL,bedroca01,510500
2016,ANA,AL,calhoko01,3400000
2016,ANA,AL,choiji01,650000
2016,ANA,AL,croncj01,525000
2016,ANA,AL,escobyu01,7000000
2016,ANA,AL,gentrcr01,1000000
2016,ANA,AL,giavojo01,532500
2016,ANA,AL,heanean01,515000
2016,ANA,AL,morinmi01,520000
2016,ANA,AL,navada01,1375000
2016,ANA,AL,pennicl01,1500000
2016,ANA,AL,perezca02,513000
2016,ANA,AL,pujolal01,25000000
2016,ANA,AL,rasmuco02,514500
2016,ANA,AL,richaga01,6425000
2016,ANA,AL,salasfe01,2400000
2016,ANA,AL,santihe01,5000000
2016,ANA,AL,shoemma01,530000
2016,ANA,AL,simmoan01,6000000
2016,ANA,AL,smithjo05,5250000
2016,ANA,AL,sotoge01,2800000
2016,ANA,AL,streehu01,8000000
2016,ANA,AL,troutmi01,16083333
2016,ANA,AL,weaveje02,20200000
2016,ANA,AL,wilsocj01,20500000
2016,LAN,NL,anderbr04,15800000
2016,LAN,NL,baezpe01,520000
2016,LAN,NL,barneau01,512500
2016,LAN,NL,blantjo01,4000000
2016,LAN,NL,bolsimi01,515000
2016,LAN,NL,colemlo01,725000
2016,LAN,NL,crawfca02,20750000
2016,LAN,NL,culbech01,535000
2016,LAN,NL,ellisaj01,4500000
2016,LAN,NL,ethiean01,18000000
2016,LAN,NL,garciyi01,517500
2016,LAN,NL,gonzaad01,21000000
2016,LAN,NL,grandya01,2800000
2016,LAN,NL,guerral01,7500000
2016,LAN,NL,hatchch02,1065000
2016,LAN,NL,hernaen02,520000
2016,LAN,NL,howeljp01,6250000
2016,LAN,NL,janseke01,10650000
2016,LAN,NL,kazmisc01,14985384
2016,LAN,NL,kendrho01,9540378
2016,LAN,NL,kershcl01,33000000
2016,LAN,NL,maedake01,3125000
2016,LAN,NL,mccarbr01,12500000
2016,LAN,NL,montafr01,510000
2016,LAN,NL,pederjo01,520000
2016,LAN,NL,puigya01,7214285
2016,LAN,NL,ravinjo01,515000
2016,LAN,NL,ryuhy01,7833333
2016,LAN,NL,seageco01,510000
2016,LAN,NL,stripro01,507500
2016,LAN,NL,thomptr01,512500
2016,LAN,NL,turneju01,5100000
2016,LAN,NL,utleych01,7000000
2016,LAN,NL,vanslsc01,1225000
2016,LAN,NL,woodal02,530000
2016,MIA,NL,bourju01,537500
2016,MIA,NL,breslcr01,1500000
2016,MIA,NL,cappsca01,987500
2016,MIA,NL,chenwe02,12500000
2016,MIA,NL,conlead01,512500
2016,MIA,NL,cosarja01,550000
2016,MIA,NL,dietrde01,522500
2016,MIA,NL,dunnmi01,3450000
2016,MIA,NL,fernajo02,2800000
2016,MIA,NL,gordode01,3242202
2016,MIA,NL,hechaad01,2625000
2016,MIA,NL,jacksed01,507500
2016,MIA,NL,johnsch05,8007500
2016,MIA,NL,koehlto01,3500000
2016,MIA,NL,lazora01,508500
2016,MIA,NL,mathije01,1500000
2016,MIA,NL,mcgowdu01,1000000
2016,MIA,NL,morribr01,1350000
2016,MIA,NL,narvech01,1200000
2016,MIA,NL,ozunama01,570000
2016,MIA,NL,phelpda01,2500000
2016,MIA,NL,pradoma01,11000000
2016,MIA,NL,ramosaj01,3400000
2016,MIA,NL,realmjt01,532500
2016,MIA,NL,rojasmi02,511000
2016,MIA,NL,stantmi03,9000000
2016,MIA,NL,suzukic01,2000000
2016,MIA,NL,yelicch01,1000000
2016,MIL,NL,anderch01,520200
2016,MIL,NL,barriyh01,509200
2016,MIL,NL,blazemi01,514200
2016,MIL,NL,boyerbl01,950000
2016,MIL,NL,braunry02,19315013
2016,MIL,NL,broxtke01,508500
2016,MIL,NL,capuach01,1500000
2016,MIL,NL,cartech02,2500000
2016,MIL,NL,florera02,508800
2016,MIL,NL,garzama01,12209424
2016,MIL,NL,gennesc01,518100
2016,MIL,NL,hillaa01,12000000
2016,MIL,NL,jeffrje01,519100
2016,MIL,NL,jungmta01,518500
2016,MIL,NL,knebeco01,513000
2016,MIL,NL,liriary01,508500
2016,MIL,NL,lucrojo01,4100000
2016,MIL,NL,maldoma01,1125000
2016,MIL,NL,nelsoji02,522300
2016,MIL,NL,nieuwki01,514000
2016,MIL,NL,nolinse01,509700
2016,MIL,NL,penaar01,510000
2016,MIL,NL,peralwi01,2800000
2016,MIL,NL,riverya01,508600
2016,MIL,NL,santado01,513800
2016,MIL,NL,smithwi04,1475000
2016,MIL,NL,thornty01,513900
2016,MIL,NL,torreca01,1050000
2016,MIL,NL,villajo01,512900
2016,MIL,NL,walshco02,507500
2016,MIN,AL,abadfe01,1250000
2016,MIN,AL,arciaos01,535000
2016,MIN,AL,buxtoby01,512500
2016,MIN,AL,doziebr01,3000000
2016,MIN,AL,escobed01,2150000
2016,MIN,AL,fienca01,2275000
2016,MIN,AL,gibsoky01,587500
2016,MIN,AL,hugheph01,9200000
2016,MIN,AL,jepseke01,5312000
2016,MIN,AL,matzety01,545000
2016,MIN,AL,mauerjo01,23000000
2016,MIN,AL,milonto01,4500000
2016,MIN,AL,murphjr01,528700
2016,MIN,AL,nolasri01,12000000
2016,MIN,AL,nunezed02,1475000
2016,MIN,AL,perkigl01,6300000
2016,MIN,AL,plouftr01,7250000
2016,MIN,AL,pressry01,520000
2016,MIN,AL,rosared01,542500
2016,MIN,AL,sanomi01,547500
2016,MIN,AL,santada01,537500
2016,MIN,AL,santaer01,13500000
2016,MIN,AL,suzukku01,6000000
2016,MIN,AL,tonkimi01,515000
2016,NYN,NL,bastaan01,5375000
2016,NYN,NL,blevije01,4000000
2016,NYN,NL,cabreas01,8250000
2016,NYN,NL,campber01,513308
2016,NYN,NL,cespeyo01,27328046
2016,NYN,NL,colonba01,7250000
2016,NYN,NL,confomi01,517246
2016,NYN,NL,darnatr01,542604
2016,NYN,NL,deazaal01,5750000
2016,NYN,NL,degroja01,607000
2016,NYN,NL,dudalu01,6725000
2016,NYN,NL,edginjo01,625000
2016,NYN,NL,familje01,4100000
2016,NYN,NL,florewi01,526014
2016,NYN,NL,grandcu01,16000000
2016,NYN,NL,harvema01,4325000
2016,NYN,NL,hendeji01,600000
2016,NYN,NL,lagarju01,2500000
2016,NYN,NL,matzst01,515750
2016,NYN,NL,plaweke01,511360
2016,NYN,NL,reedad01,5300000
2016,NYN,NL,robleha01,516500
2016,NYN,NL,syndeno01,535375
2016,NYN,NL,verrelo01,514875
2016,NYN,NL,walkene01,10550000
2016,NYN,NL,wheelza01,546250
2016,NYN,NL,wrighda03,19364801
2016,NYA,AL,ackledu01,3200000
2016,NYA,AL,barbajo01,507500
2016,NYA,AL,beltrca01,15000000
2016,NYA,AL,betande01,507500
2016,NYA,AL,birdgr01,525300
2016,NYA,AL,castrst01,7857142
2016,NYA,AL,cessalu01,507500
2016,NYA,AL,chapmar01,9468443
2016,NYA,AL,ellsbja01,21142857
2016,NYA,AL,eovalna01,5600000
2016,NYA,AL,gardnbr01,13500000
2016,NYA,AL,gregodi01,2425000
2016,NYA,AL,headlch01,13000000
2016,NYA,AL,hicksaa01,574000
2016,NYA,AL,mccanbr01,17000000
2016,NYA,AL,millean01,9000000
2016,NYA,AL,mitchbr01,516650
2016,NYA,AL,novaiv01,4100000
2016,NYA,AL,pinedmi01,4300000
2016,NYA,AL,rodrial01,21000000
2016,NYA,AL,rominau01,556000
2016,NYA,AL,sabatcc01,25000000
2016,NYA,AL,severlu01,521300
2016,NYA,AL,shrevch01,533400
2016,NYA,AL,tanakma01,22000000
2016,NYA,AL,teixema01,23125000
2016,NYA,AL,torrero01,508600
2016,NYA,AL,willima07,509700
2016,NYA,AL,yateski01,511900
2016,OAK,AL,alonsyo01,2650000
2016,OAK,AL,alvarhe01,4250000
2016,OAK,AL,alvarrj01,510000
2016,OAK,AL,axforjo01,4500000
2016,OAK,AL,bassich01,510000
2016,OAK,AL,burnsbi02,512500
2016,OAK,AL,butlebi03,11666667
2016,OAK,AL,canhama01,512500
2016,OAK,AL,coghlch01,4800000
2016,OAK,AL,crispco01,11000000
2016,OAK,AL,daviskh01,524500
2016,OAK,AL,doolise01,1580000
2016,OAK,AL,doubrfe01,2000000
2016,OAK,AL,dullry01,507500
2016,OAK,AL,fuldsa01,1925000
2016,OAK,AL,graveke01,512500
2016,OAK,AL,grayso01,527500
2016,OAK,AL,hendrli01,523400
2016,OAK,AL,hillri01,6000000
2016,OAK,AL,lowrije01,7500000
2016,OAK,AL,madsory01,6666667
2016,OAK,AL,parkeja02,850000
2016,OAK,AL,phegljo01,512500
2016,OAK,AL,reddijo01,6575000
2016,OAK,AL,rodrife02,1050000
2016,OAK,AL,rzepcma01,2950000
2016,OAK,AL,semiema01,512500
2016,OAK,AL,sogarer01,1500000
2016,OAK,AL,valenda01,3150000
2016,OAK,AL,vogtst01,527500
2016,PHI,NL,altheaa01,515500
2016,PHI,NL,ascheco01,530000
2016,PHI,NL,blancan01,1450000
2016,PHI,NL,bourjpe01,2000000
2016,PHI,NL,burriem01,925000
2016,PHI,NL,eickhje01,516000
2016,PHI,NL,francma02,517500
2016,PHI,NL,galvifr01,2000000
2016,PHI,NL,goeddty01,507500
2016,PHI,NL,gomezje01,1400000
2016,PHI,NL,harrima01,13000000
2016,PHI,NL,hellije01,7000000
2016,PHI,NL,hernace02,525000
2016,PHI,NL,hernada01,3900000
2016,PHI,NL,herreod01,528000
2016,PHI,NL,hinojda01,514000
2016,PHI,NL,hollama01,512500
2016,PHI,NL,huntece01,507500
2016,PHI,NL,margoma01,512500
2016,PHI,NL,mortoch02,8000000
2016,PHI,NL,nerishe01,515000
2016,PHI,NL,nolaaa01,517500
2016,PHI,NL,oberhbr01,518000
2016,PHI,NL,rufda01,527000
2016,PHI,NL,ruizca01,8500000
2016,PHI,NL,ruppca01,518000
2016,PHI,NL,russeja02,1500000
2016,PHI,NL,stumpda01,507500
2016,PHI,NL,velasvi01,516000
2016,PIT,NL,caminar01,532500
2016,PIT,NL,cervefr01,3500000
2016,PIT,NL,colege01,548000
2016,PIT,NL,diazel01,510000
2016,PIT,NL,felizne01,3900000
2016,PIT,NL,figueco01,550000
2016,PIT,NL,freesda01,3000000
2016,PIT,NL,harrijo05,5250000
2016,PIT,NL,hugheja02,2175000
2016,PIT,NL,jasojo01,4000000
2016,PIT,NL,joycema01,1000000
2016,PIT,NL,kangju01,2500000
2016,PIT,NL,liriafr01,13666667
2016,PIT,NL,lobstky01,520000
2016,PIT,NL,lockeje01,3025000
2016,PIT,NL,luebkco01,1000000
2016,PIT,NL,martest01,3333333
2016,PIT,NL,mccutan01,13208333
2016,PIT,NL,melanma01,9650000
2016,PIT,NL,mercejo03,2075000
2016,PIT,NL,morsemi01,8000000
2016,PIT,NL,nicasju01,3000000
2016,PIT,NL,niesejo01,9000000
2016,PIT,NL,polangr01,535000
2016,PIT,NL,rodrise01,2500000
2016,PIT,NL,stewach01,1350000
2016,PIT,NL,vogelry01,2000000
2016,PIT,NL,watsoto01,3450000
2016,SDN,NL,baumabu01,520000
2016,SDN,NL,bethach01,511200
2016,SDN,NL,blashja01,507500
2016,SDN,NL,buchtry01,520000
2016,SDN,NL,cashnan01,7150000
2016,SDN,NL,edwarjo02,509600
2016,SDN,NL,jankotr01,508800
2016,SDN,NL,jayjo02,6225000
2016,SDN,NL,kempma01,21500000
2016,SDN,NL,maurebr01,526400
2016,SDN,NL,myerswi01,523900
2016,SDN,NL,norride01,2925000
2016,SDN,NL,perdolu02,507500
2016,SDN,NL,pomerdr01,1350000
2016,SDN,NL,quackke01,521200
2016,SDN,NL,ramiral03,3000000
2016,SDN,NL,reaco01,510200
2016,SDN,NL,rodnefe01,1600000
2016,SDN,NL,rosalad01,800000
2016,SDN,NL,rossty01,9625000
2016,SDN,NL,shielja02,21000000
2016,SDN,NL,solarya01,525500
2016,SDN,NL,spangco01,517700
2016,SDN,NL,thornma01,1600000
2016,SDN,NL,uptonbj01,15450000
2016,SDN,NL,villaca01,1490314
2016,SDN,NL,wallabr01,1000000
2016,SEA,AL,aokino01,5500000
2016,SEA,AL,benoijo01,7500000
2016,SEA,AL,canoro01,24000000
2016,SEA,AL,cishest01,4000000
2016,SEA,AL,clevest01,516500
2016,SEA,AL,cookry01,1100000
2016,SEA,AL,cruzne02,14250000
2016,SEA,AL,furbuch01,1600000
2016,SEA,AL,gutiefr01,1500000
2016,SEA,AL,hernafe02,25857143
2016,SEA,AL,iannech01,4250000
2016,SEA,AL,iwakuhi01,10976096
2016,SEA,AL,karnsna01,523700
2016,SEA,AL,leeda02,1000000
2016,SEA,AL,lindad01,8000000
2016,SEA,AL,marteke01,515400
2016,SEA,AL,martile01,4150000
2016,SEA,AL,montgmi01,515000
2016,SEA,AL,nunovi01,532900
2016,SEA,AL,peraljo01,1250000
2016,SEA,AL,sardilu01,512000
2016,SEA,AL,scribev01,807500
2016,SEA,AL,seageky01,8000000
2016,SEA,AL,smithse01,6750000
2016,SEA,AL,sucreje01,512000
2016,SEA,AL,vinceni01,525500
2016,SEA,AL,walketa01,528600
2016,SEA,AL,zychto01,511000
2016,SFN,NL,adriaeh01,512500
2016,SFN,NL,beltbr01,6200000
2016,SFN,NL,blancgr01,3900000
2016,SFN,NL,browntr01,508500
2016,SFN,NL,bumgama01,9916667
2016,SFN,NL,cainma01,20833333
2016,SFN,NL,crawfbr01,6000000
2016,SFN,NL,cuetojo01,17500000
2016,SFN,NL,duffyma02,537500
2016,SFN,NL,garcija01,6500000
2016,SFN,NL,gearrco01,550000
2016,SFN,NL,hestoch01,530000
2016,SFN,NL,kontoge01,1150000
2016,SFN,NL,lopezja02,5000000
2016,SFN,NL,osichjo01,512500
2016,SFN,NL,paganan01,11250000
2016,SFN,NL,panikjo01,545000
2016,SFN,NL,peavyja01,15000000
2016,SFN,NL,pencehu01,18700000
2016,SFN,NL,poseybu01,20777778
2016,SFN,NL,romose01,9000000
2016,SFN,NL,samarje01,10800000
2016,SFN,NL,spande01,5000000
2016,SFN,NL,strichu01,517500
2016,SFN,NL,tomlike01,512500
2016,SLN,NL,adamsma01,1650000
2016,SLN,NL,bowmama01,507500
2016,SLN,NL,broxtjo01,3750000
2016,SLN,NL,carpema01,6500000
2016,SLN,NL,fryerer01,575000
2016,SLN,NL,garcigr01,507500
2016,SLN,NL,garcija02,11500000
2016,SLN,NL,grichra01,520000
2016,SLN,NL,gyorkje01,4000000
2016,SLN,NL,harrimi03,509000
2016,SLN,NL,hazelje01,507500
2016,SLN,NL,hollima01,17000000
2016,SLN,NL,leakemi01,12000000
2016,SLN,NL,lynnla01,7500000
2016,SLN,NL,lyonsty01,512500
2016,SLN,NL,manesse01,1400000
2016,SLN,NL,martica04,539000
2016,SLN,NL,molinya01,14200000
2016,SLN,NL,mossbr01,8250000
2016,SLN,NL,ohse01,2500000
2016,SLN,NL,penabr01,2500000
2016,SLN,NL,peraljh01,12500000
2016,SLN,NL,phamth01,510000
2016,SLN,NL,piscost01,512500
2016,SLN,NL,rosentr01,5600000
2016,SLN,NL,siegrke01,539000
2016,SLN,NL,tejadru01,1500000
2016,SLN,NL,wachami01,539000
2016,SLN,NL,wainwad01,19500000
2016,SLN,NL,waldejo01,3675000
2016,SLN,NL,wongko01,1250000
2016,TBA,AL,archech01,2916667
2016,TBA,AL,beckhti01,514500
2016,TBA,AL,boxbebr01,519200
2016,TBA,AL,casalcu01,513600
2016,TBA,AL,cedenxa01,524100
2016,TBA,AL,cobbal01,4000000
2016,TBA,AL,colomal01,521700
2016,TBA,AL,congeha01,1500000
2016,TBA,AL,dickeco01,522900
2016,TBA,AL,evelada01,895000
2016,TBA,AL,farquda01,527000
2016,TBA,AL,forsylo01,2250000
2016,TBA,AL,geltzst01,519300
2016,TBA,AL,guyerbr01,1185000
2016,TBA,AL,jennide01,3300000
2016,TBA,AL,kiermke01,514400
2016,TBA,AL,longoev01,12600018
2016,TBA,AL,millebr02,527600
2016,TBA,AL,moorema02,5100000
2016,TBA,AL,morrilo01,4200000
2016,TBA,AL,odorija01,520700
2016,TBA,AL,pearcst01,4750000
2016,TBA,AL,ramirer02,2375000
2016,TBA,AL,romeren01,510000
2016,TBA,AL,smylydr01,3750000
2016,TBA,AL,souzast01,516100
2016,TBA,AL,webbry01,1000000
2016,TBA,AL,whitlch01,524525
2016,TEX,AL,alberha01,511500
2016,TEX,AL,andruel01,15333333
2016,TEX,AL,barneto01,1500000
2016,TEX,AL,beltrad01,18000000
2016,TEX,AL,chiriro01,1550000
2016,TEX,AL,choosh01,20000000
2016,TEX,AL,darviyu01,10000000
2016,TEX,AL,deshide02,517300
2016,TEX,AL,desmoia01,8000000
2016,TEX,AL,diekmja01,1255000
2016,TEX,AL,dysonsa01,525270
2016,TEX,AL,faulkan01,508500
2016,TEX,AL,fieldpr01,24000000
2016,TEX,AL,gimench01,975000
2016,TEX,AL,hamelco01,22500000
2016,TEX,AL,hamiljo03,24000000
2016,TEX,AL,holadbr01,519000
2016,TEX,AL,jackslu01,508500
2016,TEX,AL,kelake01,518000
2016,TEX,AL,kleinph01,509500
2016,TEX,AL,lewisco01,6000000
2016,TEX,AL,morelmi01,5700000
2016,TEX,AL,odorro01,522700
2016,TEX,AL,perezma02,3150000
2016,TEX,AL,ruary01,510120
2016,TEX,AL,ruggiju01,1650000
2016,TEX,AL,schepta01,900000
2016,TEX,AL,tollesh01,3275000
2016,TEX,AL,wilheto01,3100000
2016,TOR,AL,barneda01,1050000
2016,TOR,AL,bautijo02,14000000
2016,TOR,AL,biagijo01,507500
2016,TOR,AL,carreez01,521800
2016,TOR,AL,cecilbr01,3800000
2016,TOR,AL,chaveje01,4000000
2016,TOR,AL,colabch01,521300
2016,TOR,AL,dickera01,12000000
2016,TOR,AL,donaljo02,11650000
2016,TOR,AL,encared01,10000000
2016,TOR,AL,estrama01,11500000
2016,TOR,AL,floydga01,1000000
2016,TOR,AL,goinsry01,520200
2016,TOR,AL,happja01,10000000
2016,TOR,AL,leonar01,510500
2016,TOR,AL,loupaa01,1050000
2016,TOR,AL,martiru01,15000000
2016,TOR,AL,moralfr01,2000000
2016,TOR,AL,osunaro01,516100
2016,TOR,AL,pillake01,521100
2016,TOR,AL,sanchaa01,517800
2016,TOR,AL,saundmi01,2900000
2016,TOR,AL,schulbo02,513300
2016,TOR,AL,smoakju01,3900000
2016,TOR,AL,storedr01,8375000
2016,TOR,AL,stromma01,515900
2016,TOR,AL,tholejo01,800000
2016,TOR,AL,travide01,511200
2016,TOR,AL,tulowtr01,20000000
2016,WAS,NL,barreaa01,519400
2016,WAS,NL,belisma01,1250000
2016,WAS,NL,drewst01,3000000
2016,WAS,NL,espinda01,2875000
2016,WAS,NL,gonzagi01,12100000
2016,WAS,NL,harpebr03,5000000
2016,WAS,NL,heisech01,1250000
2016,WAS,NL,kellesh01,4000000
2016,WAS,NL,lobatjo01,1387500
2016,WAS,NL,murphda08,8000000
2016,WAS,NL,papeljo01,10936574
2016,WAS,NL,perezol01,3000000
2016,WAS,NL,petityu01,2500000
2016,WAS,NL,ramoswi01,5350000
2016,WAS,NL,rendoan01,2800000
2016,WAS,NL,reverbe01,6250000
2016,WAS,NL,riverfe01,516100
2016,WAS,NL,roarkta01,543400
2016,WAS,NL,robincl01,534900
2016,WAS,NL,rossjo01,514400
2016,WAS,NL,scherma01,22142857
2016,WAS,NL,strasst01,10400000
2016,WAS,NL,taylomi02,524000
2016,WAS,NL,treinbl01,524900
2016,WAS,NL,werthja01,21733615
2016,WAS,NL,zimmery01,14000000
